deposit the first,age,gift,rates,special_benifits,account_type
890,18,Yes,2,Yes,Sisu Udana-Peoples Bank
3845,13,Yes,2,Yes,Sisu Udana-Peoples Bank
1715,8,Yes,2,Yes,Sisu Udana-Peoples Bank
4817,2,Yes,2,Yes,Sisu Udana-Peoples Bank
4551,2,Yes,2,Yes,Sisu Udana-Peoples Bank
4353,18,Yes,2,Yes,Sisu Udana-Peoples Bank
1397,18,Yes,2,Yes,Sisu Udana-Peoples Bank
4574,14,Yes,2,Yes,Sisu Udana-Peoples Bank
2258,13,Yes,2,Yes,Sisu Udana-Peoples Bank
996,7,Yes,2,Yes,Sisu Udana-Peoples Bank
4156,13,Yes,2,Yes,Sisu Udana-Peoples Bank
1044,6,Yes,2,Yes,Sisu Udana-Peoples Bank
3287,12,Yes,2,Yes,Sisu Udana-Peoples Bank
412,10,Yes,2,Yes,Sisu Udana-Peoples Bank
2967,13,Yes,2,Yes,Sisu Udana-Peoples Bank
2051,2,Yes,2,Yes,Sisu Udana-Peoples Bank
513,7,Yes,2,Yes,Sisu Udana-Peoples Bank
2709,15,Yes,2,Yes,Sisu Udana-Peoples Bank
731,14,Yes,2,Yes,Sisu Udana-Peoples Bank
439,1,Yes,2,Yes,Sisu Udana-Peoples Bank
1327,7,Yes,2,Yes,Sisu Udana-Peoples Bank
1528,18,Yes,2,Yes,Sisu Udana-Peoples Bank
4143,7,Yes,2,Yes,Sisu Udana-Peoples Bank
3864,2,Yes,2,Yes,Sisu Udana-Peoples Bank
2457,2,Yes,2,Yes,Sisu Udana-Peoples Bank
351,12,Yes,2,Yes,Sisu Udana-Peoples Bank
2400,2,Yes,2,Yes,Sisu Udana-Peoples Bank
604,7,Yes,2,Yes,Sisu Udana-Peoples Bank
1812,6,Yes,2,Yes,Sisu Udana-Peoples Bank
3790,12,Yes,2,Yes,Sisu Udana-Peoples Bank
3784,12,Yes,2,Yes,Sisu Udana-Peoples Bank
406,10,Yes,2,Yes,Sisu Udana-Peoples Bank
2251,11,Yes,2,Yes,Sisu Udana-Peoples Bank
1445,1,Yes,2,Yes,Sisu Udana-Peoples Bank
4637,3,Yes,2,Yes,Sisu Udana-Peoples Bank
752,2,Yes,2,Yes,Sisu Udana-Peoples Bank
361,18,Yes,2,Yes,Sisu Udana-Peoples Bank
623,17,Yes,2,Yes,Sisu Udana-Peoples Bank
2721,16,Yes,2,Yes,Sisu Udana-Peoples Bank
4599,15,Yes,2,Yes,Sisu Udana-Peoples Bank
3761,16,Yes,2,Yes,Sisu Udana-Peoples Bank
751,11,Yes,2,Yes,Sisu Udana-Peoples Bank
1519,16,Yes,2,Yes,Sisu Udana-Peoples Bank
1506,2,Yes,2,Yes,Sisu Udana-Peoples Bank
4602,17,Yes,2,Yes,Sisu Udana-Peoples Bank
1207,14,Yes,2,Yes,Sisu Udana-Peoples Bank
1216,7,Yes,2,Yes,Sisu Udana-Peoples Bank
4602,7,Yes,2,Yes,Sisu Udana-Peoples Bank
184,17,Yes,2,Yes,Sisu Udana-Peoples Bank
3397,18,Yes,2,Yes,Sisu Udana-Peoples Bank
2881,5,Yes,2,Yes,Sisu Udana-Peoples Bank
4893,10,Yes,2,Yes,Sisu Udana-Peoples Bank
2242,16,Yes,2,Yes,Sisu Udana-Peoples Bank
2586,6,Yes,2,Yes,Sisu Udana-Peoples Bank
4982,14,Yes,2,Yes,Sisu Udana-Peoples Bank
2591,14,Yes,2,Yes,Sisu Udana-Peoples Bank
4949,14,Yes,2,Yes,Sisu Udana-Peoples Bank
1271,13,Yes,2,Yes,Sisu Udana-Peoples Bank
4964,10,Yes,2,Yes,Sisu Udana-Peoples Bank
217,14,Yes,2,Yes,Sisu Udana-Peoples Bank
1382,9,Yes,2,Yes,Sisu Udana-Peoples Bank
1283,18,Yes,2,Yes,Sisu Udana-Peoples Bank
4420,17,Yes,2,Yes,Sisu Udana-Peoples Bank
3550,4,Yes,2,Yes,Sisu Udana-Peoples Bank
410,17,Yes,2,Yes,Sisu Udana-Peoples Bank
1462,6,Yes,2,Yes,Sisu Udana-Peoples Bank
3238,14,Yes,2,Yes,Sisu Udana-Peoples Bank
563,18,Yes,2,Yes,Sisu Udana-Peoples Bank
2763,6,Yes,2,Yes,Sisu Udana-Peoples Bank
3238,6,Yes,2,Yes,Sisu Udana-Peoples Bank
1438,13,Yes,2,Yes,Sisu Udana-Peoples Bank
3184,13,Yes,2,Yes,Sisu Udana-Peoples Bank
3612,6,Yes,2,Yes,Sisu Udana-Peoples Bank
4570,17,Yes,2,Yes,Sisu Udana-Peoples Bank
3631,5,Yes,2,Yes,Sisu Udana-Peoples Bank
3825,13,Yes,2,Yes,Sisu Udana-Peoples Bank
1000,15,Yes,2,Yes,Sisu Udana-Peoples Bank
3540,11,Yes,2,Yes,Sisu Udana-Peoples Bank
4088,6,Yes,2,Yes,Sisu Udana-Peoples Bank
4284,17,Yes,2,Yes,Sisu Udana-Peoples Bank
3428,17,Yes,2,Yes,Sisu Udana-Peoples Bank
3184,17,Yes,2,Yes,Sisu Udana-Peoples Bank
2293,11,Yes,2,Yes,Sisu Udana-Peoples Bank
1944,17,Yes,2,Yes,Sisu Udana-Peoples Bank
467,5,Yes,2,Yes,Sisu Udana-Peoples Bank
4912,14,Yes,2,Yes,Sisu Udana-Peoples Bank
2711,9,Yes,2,Yes,Sisu Udana-Peoples Bank
142,6,Yes,2,Yes,Sisu Udana-Peoples Bank
2382,9,Yes,2,Yes,Sisu Udana-Peoples Bank
890,17,Yes,2,Yes,Sisu Udana-Peoples Bank
3715,14,Yes,2,Yes,Sisu Udana-Peoples Bank
4462,4,Yes,2,Yes,Sisu Udana-Peoples Bank
1126,3,Yes,2,Yes,Sisu Udana-Peoples Bank
4675,1,Yes,2,Yes,Sisu Udana-Peoples Bank
1293,8,Yes,2,Yes,Sisu Udana-Peoples Bank
3797,5,Yes,2,Yes,Sisu Udana-Peoples Bank
215,15,Yes,2,Yes,Sisu Udana-Peoples Bank
1069,7,Yes,2,Yes,Sisu Udana-Peoples Bank
1053,12,Yes,2,Yes,Sisu Udana-Peoples Bank
1196,15,Yes,2,Yes,Sisu Udana-Peoples Bank
3771,16,Yes,2,Yes,Sisu Udana-Peoples Bank
1751,14,Yes,2,Yes,Sisu Udana-Peoples Bank
1062,17,Yes,2,Yes,Sisu Udana-Peoples Bank
924,18,Yes,2,Yes,Sisu Udana-Peoples Bank
2358,18,Yes,2,Yes,Sisu Udana-Peoples Bank
3012,16,Yes,2,Yes,Sisu Udana-Peoples Bank
752,9,Yes,2,Yes,Sisu Udana-Peoples Bank
2225,11,Yes,2,Yes,Sisu Udana-Peoples Bank
1298,1,Yes,2,Yes,Sisu Udana-Peoples Bank
625,8,Yes,2,Yes,Sisu Udana-Peoples Bank
4131,5,Yes,2,Yes,Sisu Udana-Peoples Bank
739,11,Yes,2,Yes,Sisu Udana-Peoples Bank
3292,10,Yes,2,Yes,Sisu Udana-Peoples Bank
3693,14,Yes,2,Yes,Sisu Udana-Peoples Bank
1160,14,Yes,2,Yes,Sisu Udana-Peoples Bank
4704,4,Yes,2,Yes,Sisu Udana-Peoples Bank
4635,5,Yes,2,Yes,Sisu Udana-Peoples Bank
3925,17,Yes,2,Yes,Sisu Udana-Peoples Bank
2206,18,Yes,2,Yes,Sisu Udana-Peoples Bank
2809,10,Yes,2,Yes,Sisu Udana-Peoples Bank
199,14,Yes,2,Yes,Sisu Udana-Peoples Bank
1147,4,Yes,2,Yes,Sisu Udana-Peoples Bank
324,9,Yes,2,Yes,Sisu Udana-Peoples Bank
4982,8,Yes,2,Yes,Sisu Udana-Peoples Bank
2345,13,Yes,2,Yes,Sisu Udana-Peoples Bank
3749,11,Yes,2,Yes,Sisu Udana-Peoples Bank
1301,7,Yes,2,Yes,Sisu Udana-Peoples Bank
2615,1,Yes,2,Yes,Sisu Udana-Peoples Bank
3043,7,Yes,2,Yes,Sisu Udana-Peoples Bank
2668,9,Yes,2,Yes,Sisu Udana-Peoples Bank
2648,8,Yes,2,Yes,Sisu Udana-Peoples Bank
1358,5,Yes,2,Yes,Sisu Udana-Peoples Bank
4551,15,Yes,2,Yes,Sisu Udana-Peoples Bank
3277,3,Yes,2,Yes,Sisu Udana-Peoples Bank
4002,14,Yes,2,Yes,Sisu Udana-Peoples Bank
1247,12,Yes,2,Yes,Sisu Udana-Peoples Bank
4981,6,Yes,2,Yes,Sisu Udana-Peoples Bank
4567,11,Yes,2,Yes,Sisu Udana-Peoples Bank
1130,10,Yes,2,Yes,Sisu Udana-Peoples Bank
1008,4,Yes,2,Yes,Sisu Udana-Peoples Bank
3517,11,Yes,2,Yes,Sisu Udana-Peoples Bank
4182,1,Yes,2,Yes,Sisu Udana-Peoples Bank
1742,16,Yes,2,Yes,Sisu Udana-Peoples Bank
2896,12,Yes,2,Yes,Sisu Udana-Peoples Bank
3759,17,Yes,2,Yes,Sisu Udana-Peoples Bank
2205,13,Yes,2,Yes,Sisu Udana-Peoples Bank
2718,6,Yes,2,Yes,Sisu Udana-Peoples Bank
462,7,Yes,2,Yes,Sisu Udana-Peoples Bank
3183,4,Yes,2,Yes,Sisu Udana-Peoples Bank
624,4,Yes,2,Yes,Sisu Udana-Peoples Bank
2949,15,Yes,2,Yes,Sisu Udana-Peoples Bank
4471,16,Yes,2,Yes,Sisu Udana-Peoples Bank
311,15,Yes,2,Yes,Sisu Udana-Peoples Bank
306,5,Yes,2,Yes,Sisu Udana-Peoples Bank
2166,12,Yes,2,Yes,Sisu Udana-Peoples Bank
143,4,Yes,2,Yes,Sisu Udana-Peoples Bank
4819,4,Yes,2,Yes,Sisu Udana-Peoples Bank
1751,11,Yes,2,Yes,Sisu Udana-Peoples Bank
1272,8,Yes,2,Yes,Sisu Udana-Peoples Bank
4692,18,Yes,2,Yes,Sisu Udana-Peoples Bank
1877,13,Yes,2,Yes,Sisu Udana-Peoples Bank
1138,8,Yes,2,Yes,Sisu Udana-Peoples Bank
3718,3,Yes,2,Yes,Sisu Udana-Peoples Bank
1761,4,Yes,2,Yes,Sisu Udana-Peoples Bank
1165,6,Yes,2,Yes,Sisu Udana-Peoples Bank
1330,18,Yes,2,Yes,Sisu Udana-Peoples Bank
1347,3,Yes,2,Yes,Sisu Udana-Peoples Bank
1152,17,Yes,2,Yes,Sisu Udana-Peoples Bank
3097,7,Yes,2,Yes,Sisu Udana-Peoples Bank
1122,7,Yes,2,Yes,Sisu Udana-Peoples Bank
2822,14,Yes,2,Yes,Sisu Udana-Peoples Bank
1983,11,Yes,2,Yes,Sisu Udana-Peoples Bank
1462,12,Yes,2,Yes,Sisu Udana-Peoples Bank
442,12,Yes,2,Yes,Sisu Udana-Peoples Bank
4391,11,Yes,2,Yes,Sisu Udana-Peoples Bank
2068,2,Yes,2,Yes,Sisu Udana-Peoples Bank
4501,4,Yes,2,Yes,Sisu Udana-Peoples Bank
4388,16,Yes,2,Yes,Sisu Udana-Peoples Bank
817,13,Yes,2,Yes,Sisu Udana-Peoples Bank
3252,1,Yes,2,Yes,Sisu Udana-Peoples Bank
347,3,Yes,2,Yes,Sisu Udana-Peoples Bank
3098,5,Yes,2,Yes,Sisu Udana-Peoples Bank
3589,2,Yes,2,Yes,Sisu Udana-Peoples Bank
4595,1,Yes,2,Yes,Sisu Udana-Peoples Bank
1567,2,Yes,2,Yes,Sisu Udana-Peoples Bank
3283,6,Yes,2,Yes,Sisu Udana-Peoples Bank
4547,14,Yes,2,Yes,Sisu Udana-Peoples Bank
2174,12,Yes,2,Yes,Sisu Udana-Peoples Bank
2768,7,Yes,2,Yes,Sisu Udana-Peoples Bank
4202,13,Yes,2,Yes,Sisu Udana-Peoples Bank
948,10,Yes,2,Yes,Sisu Udana-Peoples Bank
526,16,Yes,2,Yes,Sisu Udana-Peoples Bank
785,16,Yes,2,Yes,Sisu Udana-Peoples Bank
2179,4,Yes,2,Yes,Sisu Udana-Peoples Bank
2392,8,Yes,2,Yes,Sisu Udana-Peoples Bank
1387,11,Yes,2,Yes,Sisu Udana-Peoples Bank
282,2,Yes,2,Yes,Sisu Udana-Peoples Bank
3283,1,Yes,2,Yes,Sisu Udana-Peoples Bank
890,11,Yes,2,Yes,Sisu Udana-Peoples Bank
2087,7,Yes,2,Yes,Sisu Udana-Peoples Bank
4632,15,Yes,2,Yes,Sisu Udana-Peoples Bank
2717,9,Yes,2,Yes,Sisu Udana-Peoples Bank
1220,17,Yes,2,Yes,Sisu Udana-Peoples Bank
2473,14,Yes,2,Yes,Sisu Udana-Peoples Bank
307,15,Yes,2,Yes,Sisu Udana-Peoples Bank
4267,1,Yes,2,Yes,Sisu Udana-Peoples Bank
4232,5,Yes,2,Yes,Sisu Udana-Peoples Bank
4140,9,Yes,2,Yes,Sisu Udana-Peoples Bank
772,6,Yes,2,Yes,Sisu Udana-Peoples Bank
3912,13,Yes,2,Yes,Sisu Udana-Peoples Bank
2344,16,Yes,2,Yes,Sisu Udana-Peoples Bank
1003,12,Yes,2,Yes,Sisu Udana-Peoples Bank
1829,15,Yes,2,Yes,Sisu Udana-Peoples Bank
1298,17,Yes,2,Yes,Sisu Udana-Peoples Bank
2535,18,Yes,2,Yes,Sisu Udana-Peoples Bank
4781,9,Yes,2,Yes,Sisu Udana-Peoples Bank
2534,1,Yes,2,Yes,Sisu Udana-Peoples Bank
2127,2,Yes,2,Yes,Sisu Udana-Peoples Bank
2213,6,Yes,2,Yes,Sisu Udana-Peoples Bank
4407,10,Yes,2,Yes,Sisu Udana-Peoples Bank
3617,9,Yes,2,Yes,Sisu Udana-Peoples Bank
491,17,Yes,2,Yes,Sisu Udana-Peoples Bank
4297,13,Yes,2,Yes,Sisu Udana-Peoples Bank
3846,15,Yes,2,Yes,Sisu Udana-Peoples Bank
1279,9,Yes,2,Yes,Sisu Udana-Peoples Bank
2307,10,Yes,2,Yes,Sisu Udana-Peoples Bank
4700,6,Yes,2,Yes,Sisu Udana-Peoples Bank
1384,2,Yes,2,Yes,Sisu Udana-Peoples Bank
1847,8,Yes,2,Yes,Sisu Udana-Peoples Bank
424,5,Yes,2,Yes,Sisu Udana-Peoples Bank
1336,2,Yes,2,Yes,Sisu Udana-Peoples Bank
4450,14,Yes,2,Yes,Sisu Udana-Peoples Bank
3046,13,Yes,2,Yes,Sisu Udana-Peoples Bank
612,2,Yes,2,Yes,Sisu Udana-Peoples Bank
3135,12,Yes,2,Yes,Sisu Udana-Peoples Bank
3921,14,Yes,2,Yes,Sisu Udana-Peoples Bank
2302,7,Yes,2,Yes,Sisu Udana-Peoples Bank
3243,13,Yes,2,Yes,Sisu Udana-Peoples Bank
4547,16,Yes,2,Yes,Sisu Udana-Peoples Bank
266,7,Yes,2,Yes,Sisu Udana-Peoples Bank
3066,3,Yes,2,Yes,Sisu Udana-Peoples Bank
4165,18,Yes,2,Yes,Sisu Udana-Peoples Bank
4609,17,Yes,2,Yes,Sisu Udana-Peoples Bank
276,6,Yes,2,Yes,Sisu Udana-Peoples Bank
1949,5,Yes,2,Yes,Sisu Udana-Peoples Bank
4640,10,Yes,2,Yes,Sisu Udana-Peoples Bank
102,7,Yes,2,Yes,Sisu Udana-Peoples Bank
1609,11,Yes,2,Yes,Sisu Udana-Peoples Bank
1160,6,Yes,2,Yes,Sisu Udana-Peoples Bank
2762,13,Yes,2,Yes,Sisu Udana-Peoples Bank
4518,3,Yes,2,Yes,Sisu Udana-Peoples Bank
2826,4,Yes,2,Yes,Sisu Udana-Peoples Bank
1926,13,Yes,2,Yes,Sisu Udana-Peoples Bank
4882,5,Yes,2,Yes,Sisu Udana-Peoples Bank
3330,7,Yes,2,Yes,Sisu Udana-Peoples Bank
2645,4,Yes,2,Yes,Sisu Udana-Peoples Bank
3674,15,Yes,2,Yes,Sisu Udana-Peoples Bank
2274,16,Yes,2,Yes,Sisu Udana-Peoples Bank
944,8,Yes,2,Yes,Sisu Udana-Peoples Bank
215,11,Yes,2,Yes,Sisu Udana-Peoples Bank
404,6,Yes,2,Yes,Sisu Udana-Peoples Bank
4585,15,Yes,2,Yes,Sisu Udana-Peoples Bank
3429,4,Yes,2,Yes,Sisu Udana-Peoples Bank
2830,6,Yes,2,Yes,Sisu Udana-Peoples Bank
3081,10,Yes,2,Yes,Sisu Udana-Peoples Bank
3290,17,Yes,2,Yes,Sisu Udana-Peoples Bank
3519,1,Yes,2,Yes,Sisu Udana-Peoples Bank
3129,4,Yes,2,Yes,Sisu Udana-Peoples Bank
4363,17,Yes,2,Yes,Sisu Udana-Peoples Bank
3889,17,Yes,2,Yes,Sisu Udana-Peoples Bank
1874,10,Yes,2,Yes,Sisu Udana-Peoples Bank
2719,6,Yes,2,Yes,Sisu Udana-Peoples Bank
1128,14,Yes,2,Yes,Sisu Udana-Peoples Bank
3543,14,Yes,2,Yes,Sisu Udana-Peoples Bank
586,8,Yes,2,Yes,Sisu Udana-Peoples Bank
3666,1,Yes,2,Yes,Sisu Udana-Peoples Bank
2425,17,Yes,2,Yes,Sisu Udana-Peoples Bank
1961,10,Yes,2,Yes,Sisu Udana-Peoples Bank
3707,9,Yes,2,Yes,Sisu Udana-Peoples Bank
465,6,Yes,2,Yes,Sisu Udana-Peoples Bank
4269,8,Yes,2,Yes,Sisu Udana-Peoples Bank
3402,15,Yes,2,Yes,Sisu Udana-Peoples Bank
4391,17,Yes,2,Yes,Sisu Udana-Peoples Bank
1783,9,Yes,2,Yes,Sisu Udana-Peoples Bank
1107,13,Yes,2,Yes,Sisu Udana-Peoples Bank
4677,17,Yes,2,Yes,Sisu Udana-Peoples Bank
571,4,Yes,2,Yes,Sisu Udana-Peoples Bank
780,11,Yes,2,Yes,Sisu Udana-Peoples Bank
3414,10,Yes,2,Yes,Sisu Udana-Peoples Bank
2995,6,Yes,2,Yes,Sisu Udana-Peoples Bank
2060,13,Yes,2,Yes,Sisu Udana-Peoples Bank
638,12,Yes,2,Yes,Sisu Udana-Peoples Bank
1919,2,Yes,2,Yes,Sisu Udana-Peoples Bank
1193,6,Yes,2,Yes,Sisu Udana-Peoples Bank
1860,7,Yes,2,Yes,Sisu Udana-Peoples Bank
4605,8,Yes,2,Yes,Sisu Udana-Peoples Bank
2323,17,Yes,2,Yes,Sisu Udana-Peoples Bank
900,12,Yes,2,Yes,Sisu Udana-Peoples Bank
676,3,Yes,2,Yes,Sisu Udana-Peoples Bank
4495,14,Yes,2,Yes,Sisu Udana-Peoples Bank
3220,8,Yes,2,Yes,Sisu Udana-Peoples Bank
4269,12,Yes,2,Yes,Sisu Udana-Peoples Bank
2884,12,Yes,2,Yes,Sisu Udana-Peoples Bank
3277,18,Yes,2,Yes,Sisu Udana-Peoples Bank
4559,10,Yes,2,Yes,Sisu Udana-Peoples Bank
277,4,Yes,2,Yes,Sisu Udana-Peoples Bank
3304,8,Yes,2,Yes,Sisu Udana-Peoples Bank
1471,17,Yes,2,Yes,Sisu Udana-Peoples Bank
2266,15,Yes,2,Yes,Sisu Udana-Peoples Bank
2125,6,Yes,2,Yes,Sisu Udana-Peoples Bank
4087,16,Yes,2,Yes,Sisu Udana-Peoples Bank
3051,18,Yes,2,Yes,Sisu Udana-Peoples Bank
4561,6,Yes,2,Yes,Sisu Udana-Peoples Bank
4597,5,Yes,2,Yes,Sisu Udana-Peoples Bank
2257,5,Yes,2,Yes,Sisu Udana-Peoples Bank
3286,12,Yes,2,Yes,Sisu Udana-Peoples Bank
570,15,Yes,2,Yes,Sisu Udana-Peoples Bank
1792,3,Yes,2,Yes,Sisu Udana-Peoples Bank
2519,9,Yes,2,Yes,Sisu Udana-Peoples Bank
3297,5,Yes,2,Yes,Sisu Udana-Peoples Bank
2164,10,Yes,2,Yes,Sisu Udana-Peoples Bank
2314,5,Yes,2,Yes,Sisu Udana-Peoples Bank
1584,10,Yes,2,Yes,Sisu Udana-Peoples Bank
576,4,Yes,2,Yes,Sisu Udana-Peoples Bank
4459,13,Yes,2,Yes,Sisu Udana-Peoples Bank
3896,12,Yes,2,Yes,Sisu Udana-Peoples Bank
824,17,Yes,2,Yes,Sisu Udana-Peoples Bank
3411,9,Yes,2,Yes,Sisu Udana-Peoples Bank
2239,2,Yes,2,Yes,Sisu Udana-Peoples Bank
2079,13,Yes,2,Yes,Sisu Udana-Peoples Bank
3797,8,Yes,2,Yes,Sisu Udana-Peoples Bank
1393,11,Yes,2,Yes,Sisu Udana-Peoples Bank
4571,1,Yes,2,Yes,Sisu Udana-Peoples Bank
1984,1,Yes,2,Yes,Sisu Udana-Peoples Bank
1258,15,Yes,2,Yes,Sisu Udana-Peoples Bank
1238,9,Yes,2,Yes,Sisu Udana-Peoples Bank
969,12,Yes,2,Yes,Sisu Udana-Peoples Bank
2586,13,Yes,2,Yes,Sisu Udana-Peoples Bank
2741,2,Yes,2,Yes,Sisu Udana-Peoples Bank
101,11,Yes,2,Yes,Sisu Udana-Peoples Bank
629,6,Yes,2,Yes,Sisu Udana-Peoples Bank
4761,10,Yes,2,Yes,Sisu Udana-Peoples Bank
126,11,Yes,2,Yes,Sisu Udana-Peoples Bank
1271,8,Yes,2,Yes,Sisu Udana-Peoples Bank
3502,2,Yes,2,Yes,Sisu Udana-Peoples Bank
160,8,Yes,2,Yes,Sisu Udana-Peoples Bank
3723,13,Yes,2,Yes,Sisu Udana-Peoples Bank
2665,3,Yes,2,Yes,Sisu Udana-Peoples Bank
398,12,Yes,2,Yes,Sisu Udana-Peoples Bank
4275,13,Yes,2,Yes,Sisu Udana-Peoples Bank
1816,3,Yes,2,Yes,Sisu Udana-Peoples Bank
1790,14,Yes,2,Yes,Sisu Udana-Peoples Bank
965,3,Yes,2,Yes,Sisu Udana-Peoples Bank
4292,2,Yes,2,Yes,Sisu Udana-Peoples Bank
1705,3,Yes,2,Yes,Sisu Udana-Peoples Bank
2042,11,Yes,2,Yes,Sisu Udana-Peoples Bank
1314,5,Yes,2,Yes,Sisu Udana-Peoples Bank
1147,3,Yes,2,Yes,Sisu Udana-Peoples Bank
477,16,Yes,2,Yes,Sisu Udana-Peoples Bank
845,14,Yes,2,Yes,Sisu Udana-Peoples Bank
2970,11,Yes,2,Yes,Sisu Udana-Peoples Bank
2751,4,Yes,2,Yes,Sisu Udana-Peoples Bank
150,13,Yes,2,Yes,Sisu Udana-Peoples Bank
222,4,Yes,2,Yes,Sisu Udana-Peoples Bank
3761,2,Yes,2,Yes,Sisu Udana-Peoples Bank
1796,14,Yes,2,Yes,Sisu Udana-Peoples Bank
349,10,Yes,2,Yes,Sisu Udana-Peoples Bank
4584,12,Yes,2,Yes,Sisu Udana-Peoples Bank
4638,15,Yes,2,Yes,Sisu Udana-Peoples Bank
3010,2,Yes,2,Yes,Sisu Udana-Peoples Bank
859,9,Yes,2,Yes,Sisu Udana-Peoples Bank
2995,3,Yes,2,Yes,Sisu Udana-Peoples Bank
3720,18,Yes,2,Yes,Sisu Udana-Peoples Bank
3287,5,Yes,2,Yes,Sisu Udana-Peoples Bank
4880,14,Yes,2,Yes,Sisu Udana-Peoples Bank
4732,1,Yes,2,Yes,Sisu Udana-Peoples Bank
1883,13,Yes,2,Yes,Sisu Udana-Peoples Bank
3248,12,Yes,2,Yes,Sisu Udana-Peoples Bank
4477,16,Yes,2,Yes,Sisu Udana-Peoples Bank
3178,17,Yes,2,Yes,Sisu Udana-Peoples Bank
2091,4,Yes,2,Yes,Sisu Udana-Peoples Bank
2742,12,Yes,2,Yes,Sisu Udana-Peoples Bank
2990,8,Yes,2,Yes,Sisu Udana-Peoples Bank
2018,12,Yes,2,Yes,Sisu Udana-Peoples Bank
4764,2,Yes,2,Yes,Sisu Udana-Peoples Bank
2124,17,Yes,2,Yes,Sisu Udana-Peoples Bank
1036,3,Yes,2,Yes,Sisu Udana-Peoples Bank
1730,17,Yes,2,Yes,Sisu Udana-Peoples Bank
3216,16,Yes,2,Yes,Sisu Udana-Peoples Bank
3576,2,Yes,2,Yes,Sisu Udana-Peoples Bank
1596,13,Yes,2,Yes,Sisu Udana-Peoples Bank
3279,2,Yes,2,Yes,Sisu Udana-Peoples Bank
395,16,Yes,2,Yes,Sisu Udana-Peoples Bank
2562,13,Yes,2,Yes,Sisu Udana-Peoples Bank
567,5,Yes,2,Yes,Sisu Udana-Peoples Bank
431,7,Yes,2,Yes,Sisu Udana-Peoples Bank
922,13,Yes,2,Yes,Sisu Udana-Peoples Bank
1176,3,Yes,2,Yes,Sisu Udana-Peoples Bank
1151,4,Yes,2,Yes,Sisu Udana-Peoples Bank
1896,11,Yes,2,Yes,Sisu Udana-Peoples Bank
3197,11,Yes,2,Yes,Sisu Udana-Peoples Bank
1760,9,Yes,2,Yes,Sisu Udana-Peoples Bank
2773,15,Yes,2,Yes,Sisu Udana-Peoples Bank
3012,1,Yes,2,Yes,Sisu Udana-Peoples Bank
3707,17,Yes,2,Yes,Sisu Udana-Peoples Bank
3993,18,Yes,2,Yes,Sisu Udana-Peoples Bank
1914,18,Yes,2,Yes,Sisu Udana-Peoples Bank
476,8,Yes,2,Yes,Sisu Udana-Peoples Bank
3534,1,Yes,2,Yes,Sisu Udana-Peoples Bank
309,12,Yes,2,Yes,Sisu Udana-Peoples Bank
1786,6,Yes,2,Yes,Sisu Udana-Peoples Bank
4198,17,Yes,2,Yes,Sisu Udana-Peoples Bank
242,13,Yes,2,Yes,Sisu Udana-Peoples Bank
2583,5,Yes,2,Yes,Sisu Udana-Peoples Bank
2094,18,Yes,2,Yes,Sisu Udana-Peoples Bank
4148,14,Yes,2,Yes,Sisu Udana-Peoples Bank
181,12,Yes,2,Yes,Sisu Udana-Peoples Bank
417,6,Yes,2,Yes,Sisu Udana-Peoples Bank
3622,13,Yes,2,Yes,Sisu Udana-Peoples Bank
1149,9,Yes,2,Yes,Sisu Udana-Peoples Bank
3809,13,Yes,2,Yes,Sisu Udana-Peoples Bank
1854,2,Yes,2,Yes,Sisu Udana-Peoples Bank
1699,8,Yes,2,Yes,Sisu Udana-Peoples Bank
4459,17,Yes,2,Yes,Sisu Udana-Peoples Bank
2054,2,Yes,2,Yes,Sisu Udana-Peoples Bank
2342,10,Yes,2,Yes,Sisu Udana-Peoples Bank
2893,12,Yes,2,Yes,Sisu Udana-Peoples Bank
4495,6,Yes,2,Yes,Sisu Udana-Peoples Bank
2271,3,Yes,2,Yes,Sisu Udana-Peoples Bank
173,14,Yes,2,Yes,Sisu Udana-Peoples Bank
4108,2,Yes,2,Yes,Sisu Udana-Peoples Bank
513,4,Yes,2,Yes,Sisu Udana-Peoples Bank
3116,2,Yes,2,Yes,Sisu Udana-Peoples Bank
4338,10,Yes,2,Yes,Sisu Udana-Peoples Bank
770,18,Yes,2,Yes,Sisu Udana-Peoples Bank
4260,8,Yes,2,Yes,Sisu Udana-Peoples Bank
1364,9,Yes,2,Yes,Sisu Udana-Peoples Bank
2881,18,Yes,2,Yes,Sisu Udana-Peoples Bank
931,6,Yes,2,Yes,Sisu Udana-Peoples Bank
272,17,Yes,2,Yes,Sisu Udana-Peoples Bank
4412,2,Yes,2,Yes,Sisu Udana-Peoples Bank
813,7,Yes,2,Yes,Sisu Udana-Peoples Bank
2704,14,Yes,2,Yes,Sisu Udana-Peoples Bank
3667,3,Yes,2,Yes,Sisu Udana-Peoples Bank
1227,6,Yes,2,Yes,Sisu Udana-Peoples Bank
517,6,Yes,2,Yes,Sisu Udana-Peoples Bank
3501,1,Yes,2,Yes,Sisu Udana-Peoples Bank
3211,18,Yes,2,Yes,Sisu Udana-Peoples Bank
2513,10,Yes,2,Yes,Sisu Udana-Peoples Bank
265,11,Yes,2,Yes,Sisu Udana-Peoples Bank
4039,1,Yes,2,Yes,Sisu Udana-Peoples Bank
1074,1,Yes,2,Yes,Sisu Udana-Peoples Bank
946,9,Yes,2,Yes,Sisu Udana-Peoples Bank
4224,9,Yes,2,Yes,Sisu Udana-Peoples Bank
702,5,Yes,2,Yes,Sisu Udana-Peoples Bank
4704,17,Yes,2,Yes,Sisu Udana-Peoples Bank
3675,3,Yes,2,Yes,Sisu Udana-Peoples Bank
4407,11,Yes,2,Yes,Sisu Udana-Peoples Bank
2248,3,Yes,2,Yes,Sisu Udana-Peoples Bank
3880,1,Yes,2,Yes,Sisu Udana-Peoples Bank
2472,5,Yes,2,Yes,Sisu Udana-Peoples Bank
4312,17,Yes,2,Yes,Sisu Udana-Peoples Bank
2940,11,Yes,2,Yes,Sisu Udana-Peoples Bank
715,7,Yes,2,Yes,Sisu Udana-Peoples Bank
1519,9,Yes,2,Yes,Sisu Udana-Peoples Bank
4067,5,Yes,2,Yes,Sisu Udana-Peoples Bank
4827,6,Yes,2,Yes,Sisu Udana-Peoples Bank
3609,1,Yes,2,Yes,Sisu Udana-Peoples Bank
4335,15,Yes,2,Yes,Sisu Udana-Peoples Bank
3804,13,Yes,2,Yes,Sisu Udana-Peoples Bank
3626,16,Yes,2,Yes,Sisu Udana-Peoples Bank
1121,9,Yes,2,Yes,Sisu Udana-Peoples Bank
3815,2,Yes,2,Yes,Sisu Udana-Peoples Bank
1555,13,Yes,2,Yes,Sisu Udana-Peoples Bank
1417,12,Yes,2,Yes,Sisu Udana-Peoples Bank
4024,3,Yes,2,Yes,Sisu Udana-Peoples Bank
1033,8,Yes,2,Yes,Sisu Udana-Peoples Bank
1846,6,Yes,2,Yes,Sisu Udana-Peoples Bank
887,8,Yes,2,Yes,Sisu Udana-Peoples Bank
2629,9,No,4,Yes,Arunalu-Commercial Bank
4507,1,No,4,Yes,Arunalu-Commercial Bank
1272,13,No,4,Yes,Arunalu-Commercial Bank
2812,14,No,4,Yes,Arunalu-Commercial Bank
4331,13,No,4,Yes,Arunalu-Commercial Bank
3885,11,No,4,Yes,Arunalu-Commercial Bank
293,3,No,4,Yes,Arunalu-Commercial Bank
1114,18,No,4,Yes,Arunalu-Commercial Bank
3032,6,No,4,Yes,Arunalu-Commercial Bank
2995,12,No,4,Yes,Arunalu-Commercial Bank
777,4,No,4,Yes,Arunalu-Commercial Bank
2679,13,No,4,Yes,Arunalu-Commercial Bank
233,18,No,4,Yes,Arunalu-Commercial Bank
1023,3,No,4,Yes,Arunalu-Commercial Bank
1462,11,No,4,Yes,Arunalu-Commercial Bank
1521,14,No,4,Yes,Arunalu-Commercial Bank
4807,15,No,4,Yes,Arunalu-Commercial Bank
259,3,No,4,Yes,Arunalu-Commercial Bank
4540,3,No,4,Yes,Arunalu-Commercial Bank
3948,9,No,4,Yes,Arunalu-Commercial Bank
374,3,No,4,Yes,Arunalu-Commercial Bank
4712,5,No,4,Yes,Arunalu-Commercial Bank
674,14,No,4,Yes,Arunalu-Commercial Bank
1884,9,No,4,Yes,Arunalu-Commercial Bank
3177,13,No,4,Yes,Arunalu-Commercial Bank
281,4,No,4,Yes,Arunalu-Commercial Bank
1172,6,No,4,Yes,Arunalu-Commercial Bank
2581,7,No,4,Yes,Arunalu-Commercial Bank
2451,9,No,4,Yes,Arunalu-Commercial Bank
301,3,No,4,Yes,Arunalu-Commercial Bank
351,12,No,4,Yes,Arunalu-Commercial Bank
4036,9,No,4,Yes,Arunalu-Commercial Bank
859,12,No,4,Yes,Arunalu-Commercial Bank
3675,7,No,4,Yes,Arunalu-Commercial Bank
889,16,No,4,Yes,Arunalu-Commercial Bank
3264,12,No,4,Yes,Arunalu-Commercial Bank
1601,14,No,4,Yes,Arunalu-Commercial Bank
2189,16,No,4,Yes,Arunalu-Commercial Bank
1459,2,No,4,Yes,Arunalu-Commercial Bank
306,15,No,4,Yes,Arunalu-Commercial Bank
2387,10,No,4,Yes,Arunalu-Commercial Bank
390,3,No,4,Yes,Arunalu-Commercial Bank
2890,7,No,4,Yes,Arunalu-Commercial Bank
2067,11,No,4,Yes,Arunalu-Commercial Bank
326,12,No,4,Yes,Arunalu-Commercial Bank
2305,1,No,4,Yes,Arunalu-Commercial Bank
961,11,No,4,Yes,Arunalu-Commercial Bank
3987,14,No,4,Yes,Arunalu-Commercial Bank
3089,12,No,4,Yes,Arunalu-Commercial Bank
685,3,No,4,Yes,Arunalu-Commercial Bank
1735,13,No,4,Yes,Arunalu-Commercial Bank
574,14,No,4,Yes,Arunalu-Commercial Bank
3633,16,No,4,Yes,Arunalu-Commercial Bank
1256,1,No,4,Yes,Arunalu-Commercial Bank
4827,12,No,4,Yes,Arunalu-Commercial Bank
3359,5,No,4,Yes,Arunalu-Commercial Bank
586,2,No,4,Yes,Arunalu-Commercial Bank
3897,10,No,4,Yes,Arunalu-Commercial Bank
3277,12,No,4,Yes,Arunalu-Commercial Bank
730,11,No,4,Yes,Arunalu-Commercial Bank
4262,13,No,4,Yes,Arunalu-Commercial Bank
2745,18,No,4,Yes,Arunalu-Commercial Bank
1512,8,No,4,Yes,Arunalu-Commercial Bank
1660,1,No,4,Yes,Arunalu-Commercial Bank
2234,17,No,4,Yes,Arunalu-Commercial Bank
2433,4,No,4,Yes,Arunalu-Commercial Bank
1579,3,No,4,Yes,Arunalu-Commercial Bank
2839,2,No,4,Yes,Arunalu-Commercial Bank
1791,13,No,4,Yes,Arunalu-Commercial Bank
165,9,No,4,Yes,Arunalu-Commercial Bank
3247,3,No,4,Yes,Arunalu-Commercial Bank
1658,14,No,4,Yes,Arunalu-Commercial Bank
4385,15,No,4,Yes,Arunalu-Commercial Bank
1769,14,No,4,Yes,Arunalu-Commercial Bank
2811,5,No,4,Yes,Arunalu-Commercial Bank
4712,11,No,4,Yes,Arunalu-Commercial Bank
398,16,No,4,Yes,Arunalu-Commercial Bank
4017,18,No,4,Yes,Arunalu-Commercial Bank
4453,3,No,4,Yes,Arunalu-Commercial Bank
4092,14,No,4,Yes,Arunalu-Commercial Bank
2959,2,No,4,Yes,Arunalu-Commercial Bank
2344,5,No,4,Yes,Arunalu-Commercial Bank
4478,3,No,4,Yes,Arunalu-Commercial Bank
726,15,No,4,Yes,Arunalu-Commercial Bank
173,6,No,4,Yes,Arunalu-Commercial Bank
3643,1,No,4,Yes,Arunalu-Commercial Bank
2150,11,No,4,Yes,Arunalu-Commercial Bank
2504,8,No,4,Yes,Arunalu-Commercial Bank
288,8,No,4,Yes,Arunalu-Commercial Bank
2521,10,No,4,Yes,Arunalu-Commercial Bank
2945,17,No,4,Yes,Arunalu-Commercial Bank
1147,7,No,4,Yes,Arunalu-Commercial Bank
2040,3,No,4,Yes,Arunalu-Commercial Bank
2311,11,No,4,Yes,Arunalu-Commercial Bank
2129,11,No,4,Yes,Arunalu-Commercial Bank
2123,12,No,4,Yes,Arunalu-Commercial Bank
1683,14,No,4,Yes,Arunalu-Commercial Bank
414,4,No,4,Yes,Arunalu-Commercial Bank
554,15,No,4,Yes,Arunalu-Commercial Bank
2138,18,No,4,Yes,Arunalu-Commercial Bank
3489,7,No,4,Yes,Arunalu-Commercial Bank
2057,11,No,4,Yes,Arunalu-Commercial Bank
577,13,No,4,Yes,Arunalu-Commercial Bank
2125,16,No,4,Yes,Arunalu-Commercial Bank
563,2,No,4,Yes,Arunalu-Commercial Bank
2384,7,No,4,Yes,Arunalu-Commercial Bank
4000,17,No,4,Yes,Arunalu-Commercial Bank
4358,9,No,4,Yes,Arunalu-Commercial Bank
943,14,No,4,Yes,Arunalu-Commercial Bank
2211,12,No,4,Yes,Arunalu-Commercial Bank
2032,5,No,4,Yes,Arunalu-Commercial Bank
4758,1,No,4,Yes,Arunalu-Commercial Bank
1789,9,No,4,Yes,Arunalu-Commercial Bank
4433,2,No,4,Yes,Arunalu-Commercial Bank
3368,6,No,4,Yes,Arunalu-Commercial Bank
2781,3,No,4,Yes,Arunalu-Commercial Bank
1723,5,No,4,Yes,Arunalu-Commercial Bank
4181,14,No,4,Yes,Arunalu-Commercial Bank
869,3,No,4,Yes,Arunalu-Commercial Bank
2346,12,No,4,Yes,Arunalu-Commercial Bank
2988,11,No,4,Yes,Arunalu-Commercial Bank
3723,12,No,4,Yes,Arunalu-Commercial Bank
1394,9,No,4,Yes,Arunalu-Commercial Bank
1943,5,No,4,Yes,Arunalu-Commercial Bank
3609,14,No,4,Yes,Arunalu-Commercial Bank
4305,5,No,4,Yes,Arunalu-Commercial Bank
3062,13,No,4,Yes,Arunalu-Commercial Bank
4652,12,No,4,Yes,Arunalu-Commercial Bank
375,10,No,4,Yes,Arunalu-Commercial Bank
2993,9,No,4,Yes,Arunalu-Commercial Bank
4424,10,No,4,Yes,Arunalu-Commercial Bank
3694,4,No,4,Yes,Arunalu-Commercial Bank
901,10,No,4,Yes,Arunalu-Commercial Bank
4219,18,No,4,Yes,Arunalu-Commercial Bank
3791,15,No,4,Yes,Arunalu-Commercial Bank
2901,15,No,4,Yes,Arunalu-Commercial Bank
1288,18,No,4,Yes,Arunalu-Commercial Bank
4728,6,No,4,Yes,Arunalu-Commercial Bank
3251,12,No,4,Yes,Arunalu-Commercial Bank
4972,4,No,4,Yes,Arunalu-Commercial Bank
1548,8,No,4,Yes,Arunalu-Commercial Bank
3221,1,No,4,Yes,Arunalu-Commercial Bank
2008,17,No,4,Yes,Arunalu-Commercial Bank
1250,11,No,4,Yes,Arunalu-Commercial Bank
3679,2,No,4,Yes,Arunalu-Commercial Bank
3989,12,No,4,Yes,Arunalu-Commercial Bank
665,2,No,4,Yes,Arunalu-Commercial Bank
4187,4,No,4,Yes,Arunalu-Commercial Bank
4761,4,No,4,Yes,Arunalu-Commercial Bank
2671,14,No,4,Yes,Arunalu-Commercial Bank
1217,3,No,4,Yes,Arunalu-Commercial Bank
4084,9,No,4,Yes,Arunalu-Commercial Bank
1062,14,No,4,Yes,Arunalu-Commercial Bank
4270,8,No,4,Yes,Arunalu-Commercial Bank
1351,6,No,4,Yes,Arunalu-Commercial Bank
4006,12,No,4,Yes,Arunalu-Commercial Bank
4877,1,No,4,Yes,Arunalu-Commercial Bank
1308,4,No,4,Yes,Arunalu-Commercial Bank
4055,8,No,4,Yes,Arunalu-Commercial Bank
2838,16,No,4,Yes,Arunalu-Commercial Bank
3833,17,No,4,Yes,Arunalu-Commercial Bank
3495,2,No,4,Yes,Arunalu-Commercial Bank
689,3,No,4,Yes,Arunalu-Commercial Bank
3883,10,No,4,Yes,Arunalu-Commercial Bank
1134,8,No,4,Yes,Arunalu-Commercial Bank
3398,10,No,4,Yes,Arunalu-Commercial Bank
2807,10,No,4,Yes,Arunalu-Commercial Bank
4635,5,No,4,Yes,Arunalu-Commercial Bank
437,17,No,4,Yes,Arunalu-Commercial Bank
4740,1,No,4,Yes,Arunalu-Commercial Bank
1583,5,No,4,Yes,Arunalu-Commercial Bank
3418,14,No,4,Yes,Arunalu-Commercial Bank
190,11,No,4,Yes,Arunalu-Commercial Bank
1645,7,No,4,Yes,Arunalu-Commercial Bank
4280,15,No,4,Yes,Arunalu-Commercial Bank
379,17,No,4,Yes,Arunalu-Commercial Bank
871,18,No,4,Yes,Arunalu-Commercial Bank
2385,7,No,4,Yes,Arunalu-Commercial Bank
3731,10,No,4,Yes,Arunalu-Commercial Bank
3250,1,No,4,Yes,Arunalu-Commercial Bank
1000,18,No,4,Yes,Arunalu-Commercial Bank
2880,6,No,4,Yes,Arunalu-Commercial Bank
4625,7,No,4,Yes,Arunalu-Commercial Bank
3137,18,No,4,Yes,Arunalu-Commercial Bank
1541,4,No,4,Yes,Arunalu-Commercial Bank
4300,12,No,4,Yes,Arunalu-Commercial Bank
633,5,No,4,Yes,Arunalu-Commercial Bank
1392,9,No,4,Yes,Arunalu-Commercial Bank
673,14,No,4,Yes,Arunalu-Commercial Bank
434,9,No,4,Yes,Arunalu-Commercial Bank
258,14,No,4,Yes,Arunalu-Commercial Bank
2377,4,No,4,Yes,Arunalu-Commercial Bank
4566,3,No,4,Yes,Arunalu-Commercial Bank
1639,9,No,4,Yes,Arunalu-Commercial Bank
323,12,No,4,Yes,Arunalu-Commercial Bank
2031,15,No,4,Yes,Arunalu-Commercial Bank
4237,12,No,4,Yes,Arunalu-Commercial Bank
1383,13,No,4,Yes,Arunalu-Commercial Bank
626,6,No,4,Yes,Arunalu-Commercial Bank
1618,1,No,4,Yes,Arunalu-Commercial Bank
4419,18,No,4,Yes,Arunalu-Commercial Bank
1468,2,No,4,Yes,Arunalu-Commercial Bank
1833,15,No,4,Yes,Arunalu-Commercial Bank
2249,2,No,4,Yes,Arunalu-Commercial Bank
992,8,No,4,Yes,Arunalu-Commercial Bank
4821,17,No,4,Yes,Arunalu-Commercial Bank
1448,5,No,4,Yes,Arunalu-Commercial Bank
3117,17,No,4,Yes,Arunalu-Commercial Bank
2958,7,No,4,Yes,Arunalu-Commercial Bank
3774,18,No,4,Yes,Arunalu-Commercial Bank
610,15,No,4,Yes,Arunalu-Commercial Bank
689,16,No,4,Yes,Arunalu-Commercial Bank
1149,16,No,4,Yes,Arunalu-Commercial Bank
751,9,No,4,Yes,Arunalu-Commercial Bank
1602,15,No,4,Yes,Arunalu-Commercial Bank
4307,9,No,4,Yes,Arunalu-Commercial Bank
3808,2,No,4,Yes,Arunalu-Commercial Bank
3971,3,No,4,Yes,Arunalu-Commercial Bank
911,9,No,4,Yes,Arunalu-Commercial Bank
918,16,No,4,Yes,Arunalu-Commercial Bank
3584,4,No,4,Yes,Arunalu-Commercial Bank
1062,18,No,4,Yes,Arunalu-Commercial Bank
1786,13,No,4,Yes,Arunalu-Commercial Bank
4173,15,No,4,Yes,Arunalu-Commercial Bank
713,5,No,4,Yes,Arunalu-Commercial Bank
744,5,No,4,Yes,Arunalu-Commercial Bank
4067,2,No,4,Yes,Arunalu-Commercial Bank
1090,4,No,4,Yes,Arunalu-Commercial Bank
3839,8,No,4,Yes,Arunalu-Commercial Bank
302,2,No,4,Yes,Arunalu-Commercial Bank
1421,8,No,4,Yes,Arunalu-Commercial Bank
1382,8,No,4,Yes,Arunalu-Commercial Bank
3409,5,No,4,Yes,Arunalu-Commercial Bank
3148,16,No,4,Yes,Arunalu-Commercial Bank
3256,12,No,4,Yes,Arunalu-Commercial Bank
2715,15,No,4,Yes,Arunalu-Commercial Bank
623,14,No,4,Yes,Arunalu-Commercial Bank
3795,11,No,4,Yes,Arunalu-Commercial Bank
2309,14,No,4,Yes,Arunalu-Commercial Bank
3548,16,No,4,Yes,Arunalu-Commercial Bank
3238,11,No,4,Yes,Arunalu-Commercial Bank
799,1,No,4,Yes,Arunalu-Commercial Bank
1819,7,No,4,Yes,Arunalu-Commercial Bank
3585,12,No,4,Yes,Arunalu-Commercial Bank
4835,9,No,4,Yes,Arunalu-Commercial Bank
4189,1,No,4,Yes,Arunalu-Commercial Bank
4785,11,No,4,Yes,Arunalu-Commercial Bank
140,2,No,4,Yes,Arunalu-Commercial Bank
1851,4,No,4,Yes,Arunalu-Commercial Bank
3137,1,No,4,Yes,Arunalu-Commercial Bank
2708,5,No,4,Yes,Arunalu-Commercial Bank
2857,17,No,4,Yes,Arunalu-Commercial Bank
1500,12,No,4,Yes,Arunalu-Commercial Bank
2954,12,No,4,Yes,Arunalu-Commercial Bank
2720,12,No,4,Yes,Arunalu-Commercial Bank
1167,12,No,4,Yes,Arunalu-Commercial Bank
1638,11,No,4,Yes,Arunalu-Commercial Bank
415,15,No,4,Yes,Arunalu-Commercial Bank
1020,8,No,4,Yes,Arunalu-Commercial Bank
1725,2,No,4,Yes,Arunalu-Commercial Bank
1651,9,No,4,Yes,Arunalu-Commercial Bank
1984,14,No,4,Yes,Arunalu-Commercial Bank
3161,2,No,4,Yes,Arunalu-Commercial Bank
3553,10,No,4,Yes,Arunalu-Commercial Bank
2889,2,No,4,Yes,Arunalu-Commercial Bank
760,11,No,4,Yes,Arunalu-Commercial Bank
400,18,No,4,Yes,Arunalu-Commercial Bank
1663,9,No,4,Yes,Arunalu-Commercial Bank
1755,16,No,4,Yes,Arunalu-Commercial Bank
357,13,No,4,Yes,Arunalu-Commercial Bank
2472,10,No,4,Yes,Arunalu-Commercial Bank
3555,7,No,4,Yes,Arunalu-Commercial Bank
3950,9,No,4,Yes,Arunalu-Commercial Bank
3136,5,No,4,Yes,Arunalu-Commercial Bank
4542,3,No,4,Yes,Arunalu-Commercial Bank
2355,3,No,4,Yes,Arunalu-Commercial Bank
4159,16,No,4,Yes,Arunalu-Commercial Bank
863,18,No,4,Yes,Arunalu-Commercial Bank
3000,17,No,4,Yes,Arunalu-Commercial Bank
4211,6,No,4,Yes,Arunalu-Commercial Bank
1448,5,No,4,Yes,Arunalu-Commercial Bank
3310,4,No,4,Yes,Arunalu-Commercial Bank
3998,11,No,4,Yes,Arunalu-Commercial Bank
1611,5,No,4,Yes,Arunalu-Commercial Bank
537,10,No,4,Yes,Arunalu-Commercial Bank
1639,17,No,4,Yes,Arunalu-Commercial Bank
4206,17,No,4,Yes,Arunalu-Commercial Bank
1100,11,No,4,Yes,Arunalu-Commercial Bank
3582,5,No,4,Yes,Arunalu-Commercial Bank
541,10,No,4,Yes,Arunalu-Commercial Bank
2922,16,No,4,Yes,Arunalu-Commercial Bank
2372,10,No,4,Yes,Arunalu-Commercial Bank
4282,2,No,4,Yes,Arunalu-Commercial Bank
905,6,No,4,Yes,Arunalu-Commercial Bank
4563,7,No,4,Yes,Arunalu-Commercial Bank
3790,13,No,4,Yes,Arunalu-Commercial Bank
598,11,No,4,Yes,Arunalu-Commercial Bank
1437,13,No,4,Yes,Arunalu-Commercial Bank
2884,5,No,4,Yes,Arunalu-Commercial Bank
2006,13,No,4,Yes,Arunalu-Commercial Bank
3251,17,No,4,Yes,Arunalu-Commercial Bank
4731,9,No,4,Yes,Arunalu-Commercial Bank
1508,12,No,4,Yes,Arunalu-Commercial Bank
910,10,No,4,Yes,Arunalu-Commercial Bank
2914,10,No,4,Yes,Arunalu-Commercial Bank
1640,2,No,4,Yes,Arunalu-Commercial Bank
3611,5,No,4,Yes,Arunalu-Commercial Bank
4895,13,No,4,Yes,Arunalu-Commercial Bank
2640,8,No,4,Yes,Arunalu-Commercial Bank
601,4,No,4,Yes,Arunalu-Commercial Bank
2568,13,No,4,Yes,Arunalu-Commercial Bank
3784,1,No,4,Yes,Arunalu-Commercial Bank
3116,4,No,4,Yes,Arunalu-Commercial Bank
1763,14,No,4,Yes,Arunalu-Commercial Bank
1201,10,No,4,Yes,Arunalu-Commercial Bank
1852,4,No,4,Yes,Arunalu-Commercial Bank
1651,8,No,4,Yes,Arunalu-Commercial Bank
2036,10,No,4,Yes,Arunalu-Commercial Bank
4659,2,No,4,Yes,Arunalu-Commercial Bank
3847,17,No,4,Yes,Arunalu-Commercial Bank
4160,5,No,4,Yes,Arunalu-Commercial Bank
3752,12,No,4,Yes,Arunalu-Commercial Bank
1815,18,No,4,Yes,Arunalu-Commercial Bank
1652,1,No,4,Yes,Arunalu-Commercial Bank
1720,4,No,4,Yes,Arunalu-Commercial Bank
2535,16,No,4,Yes,Arunalu-Commercial Bank
3169,7,No,4,Yes,Arunalu-Commercial Bank
2543,5,No,4,Yes,Arunalu-Commercial Bank
4016,9,No,4,Yes,Arunalu-Commercial Bank
3501,7,No,4,Yes,Arunalu-Commercial Bank
1142,17,No,4,Yes,Arunalu-Commercial Bank
3185,4,No,4,Yes,Arunalu-Commercial Bank
2917,12,No,4,Yes,Arunalu-Commercial Bank
4086,17,No,4,Yes,Arunalu-Commercial Bank
4849,15,No,4,Yes,Arunalu-Commercial Bank
806,12,No,4,Yes,Arunalu-Commercial Bank
2330,17,No,4,Yes,Arunalu-Commercial Bank
806,16,No,4,Yes,Arunalu-Commercial Bank
4010,12,No,4,Yes,Arunalu-Commercial Bank
2323,9,No,4,Yes,Arunalu-Commercial Bank
3782,5,No,4,Yes,Arunalu-Commercial Bank
4077,9,No,4,Yes,Arunalu-Commercial Bank
2379,10,No,4,Yes,Arunalu-Commercial Bank
2943,10,No,4,Yes,Arunalu-Commercial Bank
3418,4,No,4,Yes,Arunalu-Commercial Bank
4684,14,No,4,Yes,Arunalu-Commercial Bank
2848,7,No,4,Yes,Arunalu-Commercial Bank
4798,14,No,4,Yes,Arunalu-Commercial Bank
3543,10,No,4,Yes,Arunalu-Commercial Bank
3324,5,No,4,Yes,Arunalu-Commercial Bank
3116,6,No,4,Yes,Arunalu-Commercial Bank
754,18,No,4,Yes,Arunalu-Commercial Bank
4713,1,No,4,Yes,Arunalu-Commercial Bank
2130,12,No,4,Yes,Arunalu-Commercial Bank
3834,10,No,4,Yes,Arunalu-Commercial Bank
1492,10,No,4,Yes,Arunalu-Commercial Bank
2806,18,No,4,Yes,Arunalu-Commercial Bank
1076,11,No,4,Yes,Arunalu-Commercial Bank
466,14,No,4,Yes,Arunalu-Commercial Bank
2599,15,No,4,Yes,Arunalu-Commercial Bank
2256,6,No,4,Yes,Arunalu-Commercial Bank
3999,18,No,4,Yes,Arunalu-Commercial Bank
830,13,No,4,Yes,Arunalu-Commercial Bank
2966,17,No,4,Yes,Arunalu-Commercial Bank
173,2,No,4,Yes,Arunalu-Commercial Bank
2996,8,No,4,Yes,Arunalu-Commercial Bank
668,7,No,4,Yes,Arunalu-Commercial Bank
2191,8,No,4,Yes,Arunalu-Commercial Bank
4933,16,No,4,Yes,Arunalu-Commercial Bank
2153,4,No,4,Yes,Arunalu-Commercial Bank
2823,7,No,4,Yes,Arunalu-Commercial Bank
2588,5,No,4,Yes,Arunalu-Commercial Bank
308,14,No,4,Yes,Arunalu-Commercial Bank
3026,1,No,4,Yes,Arunalu-Commercial Bank
722,7,No,4,Yes,Arunalu-Commercial Bank
2549,1,No,4,Yes,Arunalu-Commercial Bank
331,11,No,4,Yes,Arunalu-Commercial Bank
1169,18,No,4,Yes,Arunalu-Commercial Bank
3304,13,No,4,Yes,Arunalu-Commercial Bank
1661,4,No,4,Yes,Arunalu-Commercial Bank
4077,11,No,4,Yes,Arunalu-Commercial Bank
4337,7,No,4,Yes,Arunalu-Commercial Bank
668,8,No,4,Yes,Arunalu-Commercial Bank
2689,10,No,4,Yes,Arunalu-Commercial Bank
2307,14,No,4,Yes,Arunalu-Commercial Bank
3131,4,No,4,Yes,Arunalu-Commercial Bank
1748,13,No,4,Yes,Arunalu-Commercial Bank
4960,3,No,4,Yes,Arunalu-Commercial Bank
4446,2,No,4,Yes,Arunalu-Commercial Bank
2044,14,No,4,Yes,Arunalu-Commercial Bank
1377,4,No,4,Yes,Arunalu-Commercial Bank
2096,12,No,4,Yes,Arunalu-Commercial Bank
2752,16,No,4,Yes,Arunalu-Commercial Bank
732,6,No,4,Yes,Arunalu-Commercial Bank
3947,7,No,4,Yes,Arunalu-Commercial Bank
980,12,No,4,Yes,Arunalu-Commercial Bank
4018,9,No,4,Yes,Arunalu-Commercial Bank
4740,12,No,4,Yes,Arunalu-Commercial Bank
4049,5,No,4,Yes,Arunalu-Commercial Bank
969,12,No,4,Yes,Arunalu-Commercial Bank
3327,15,No,4,Yes,Arunalu-Commercial Bank
2430,2,No,4,Yes,Arunalu-Commercial Bank
1091,1,No,4,Yes,Arunalu-Commercial Bank
3128,1,No,4,Yes,Arunalu-Commercial Bank
3079,16,No,4,Yes,Arunalu-Commercial Bank
1832,2,No,4,Yes,Arunalu-Commercial Bank
3555,16,No,4,Yes,Arunalu-Commercial Bank
3471,11,No,4,Yes,Arunalu-Commercial Bank
1992,12,No,4,Yes,Arunalu-Commercial Bank
1744,17,No,4,Yes,Arunalu-Commercial Bank
939,3,No,4,Yes,Arunalu-Commercial Bank
4465,4,No,4,Yes,Arunalu-Commercial Bank
1563,17,No,4,Yes,Arunalu-Commercial Bank
4472,10,No,4,Yes,Arunalu-Commercial Bank
3699,6,No,4,Yes,Arunalu-Commercial Bank
4840,1,No,4,Yes,Arunalu-Commercial Bank
2650,16,No,4,Yes,Arunalu-Commercial Bank
2901,13,No,4,Yes,Arunalu-Commercial Bank
2899,10,No,4,Yes,Arunalu-Commercial Bank
4061,8,No,4,Yes,Arunalu-Commercial Bank
4551,11,No,4,Yes,Arunalu-Commercial Bank
1070,14,No,4,Yes,Arunalu-Commercial Bank
3108,6,No,4,Yes,Arunalu-Commercial Bank
2305,11,No,4,Yes,Arunalu-Commercial Bank
1585,13,No,4,Yes,Arunalu-Commercial Bank
4297,15,No,4,Yes,Arunalu-Commercial Bank
2370,17,No,4,Yes,Arunalu-Commercial Bank
133,10,No,4,Yes,Arunalu-Commercial Bank
269,14,No,4,Yes,Arunalu-Commercial Bank
2799,4,No,4,Yes,Arunalu-Commercial Bank
4706,1,No,4,Yes,Arunalu-Commercial Bank
3608,6,No,4,Yes,Arunalu-Commercial Bank
3153,17,No,4,Yes,Arunalu-Commercial Bank
4145,9,No,4,Yes,Arunalu-Commercial Bank
3926,15,No,4,Yes,Arunalu-Commercial Bank
2473,18,No,4,Yes,Arunalu-Commercial Bank
3670,13,No,4,Yes,Arunalu-Commercial Bank
204,7,No,4,Yes,Arunalu-Commercial Bank
2371,16,No,4,Yes,Arunalu-Commercial Bank
536,9,No,4,Yes,Arunalu-Commercial Bank
3530,4,No,4,Yes,Arunalu-Commercial Bank
4705,7,No,4,Yes,Arunalu-Commercial Bank
4539,10,No,4,Yes,Arunalu-Commercial Bank
1437,11,No,4,Yes,Arunalu-Commercial Bank
1877,18,No,4,Yes,Arunalu-Commercial Bank
3408,10,No,4,Yes,Arunalu-Commercial Bank
4232,18,No,4,Yes,Arunalu-Commercial Bank
4939,7,No,4,Yes,Arunalu-Commercial Bank
3951,12,No,4,Yes,Arunalu-Commercial Bank
3062,14,No,4,Yes,Arunalu-Commercial Bank
3039,17,No,4,Yes,Arunalu-Commercial Bank
305,12,No,4,Yes,Arunalu-Commercial Bank
974,3,No,4,Yes,Arunalu-Commercial Bank
2772,8,No,4,Yes,Arunalu-Commercial Bank
2196,5,No,4,Yes,Arunalu-Commercial Bank
3322,14,No,4,Yes,Arunalu-Commercial Bank
4423,8,No,4,Yes,Arunalu-Commercial Bank
2297,7,No,4,Yes,Arunalu-Commercial Bank
4915,6,No,4,Yes,Arunalu-Commercial Bank
3489,18,No,4,Yes,Arunalu-Commercial Bank
229,17,No,4,Yes,Arunalu-Commercial Bank
1171,12,No,4,Yes,Arunalu-Commercial Bank
2493,11,No,4,No,Pubudu-Sampath Bank
4867,5,No,4,No,Pubudu-Sampath Bank
4023,12,No,4,No,Pubudu-Sampath Bank
2017,9,No,4,No,Pubudu-Sampath Bank
4458,12,No,4,No,Pubudu-Sampath Bank
1798,14,No,4,No,Pubudu-Sampath Bank
3467,3,No,4,No,Pubudu-Sampath Bank
2994,12,No,4,No,Pubudu-Sampath Bank
2779,2,No,4,No,Pubudu-Sampath Bank
2726,10,No,4,No,Pubudu-Sampath Bank
3801,15,No,4,No,Pubudu-Sampath Bank
1229,18,No,4,No,Pubudu-Sampath Bank
1487,12,No,4,No,Pubudu-Sampath Bank
4318,10,No,4,No,Pubudu-Sampath Bank
4793,4,No,4,No,Pubudu-Sampath Bank
1116,13,No,4,No,Pubudu-Sampath Bank
4826,3,No,4,No,Pubudu-Sampath Bank
2488,11,No,4,No,Pubudu-Sampath Bank
1415,14,No,4,No,Pubudu-Sampath Bank
704,2,No,4,No,Pubudu-Sampath Bank
1830,12,No,4,No,Pubudu-Sampath Bank
1208,3,No,4,No,Pubudu-Sampath Bank
2544,4,No,4,No,Pubudu-Sampath Bank
2809,16,No,4,No,Pubudu-Sampath Bank
865,12,No,4,No,Pubudu-Sampath Bank
3302,14,No,4,No,Pubudu-Sampath Bank
2454,10,No,4,No,Pubudu-Sampath Bank
2627,2,No,4,No,Pubudu-Sampath Bank
1889,2,No,4,No,Pubudu-Sampath Bank
1120,18,No,4,No,Pubudu-Sampath Bank
2817,11,No,4,No,Pubudu-Sampath Bank
1971,12,No,4,No,Pubudu-Sampath Bank
4749,15,No,4,No,Pubudu-Sampath Bank
4426,14,No,4,No,Pubudu-Sampath Bank
4468,13,No,4,No,Pubudu-Sampath Bank
4604,1,No,4,No,Pubudu-Sampath Bank
4715,9,No,4,No,Pubudu-Sampath Bank
4053,4,No,4,No,Pubudu-Sampath Bank
2919,18,No,4,No,Pubudu-Sampath Bank
3606,13,No,4,No,Pubudu-Sampath Bank
4027,15,No,4,No,Pubudu-Sampath Bank
4787,6,No,4,No,Pubudu-Sampath Bank
681,2,No,4,No,Pubudu-Sampath Bank
4886,3,No,4,No,Pubudu-Sampath Bank
3532,2,No,4,No,Pubudu-Sampath Bank
633,18,No,4,No,Pubudu-Sampath Bank
1585,13,No,4,No,Pubudu-Sampath Bank
1795,15,No,4,No,Pubudu-Sampath Bank
1321,13,No,4,No,Pubudu-Sampath Bank
1229,1,No,4,No,Pubudu-Sampath Bank
2129,10,No,4,No,Pubudu-Sampath Bank
3773,12,No,4,No,Pubudu-Sampath Bank
1066,13,No,4,No,Pubudu-Sampath Bank
4046,10,No,4,No,Pubudu-Sampath Bank
4030,10,No,4,No,Pubudu-Sampath Bank
599,4,No,4,No,Pubudu-Sampath Bank
4219,18,No,4,No,Pubudu-Sampath Bank
4510,17,No,4,No,Pubudu-Sampath Bank
2041,18,No,4,No,Pubudu-Sampath Bank
2196,5,No,4,No,Pubudu-Sampath Bank
2688,12,No,4,No,Pubudu-Sampath Bank
4220,15,No,4,No,Pubudu-Sampath Bank
3709,17,No,4,No,Pubudu-Sampath Bank
4517,17,No,4,No,Pubudu-Sampath Bank
514,5,No,4,No,Pubudu-Sampath Bank
4512,4,No,4,No,Pubudu-Sampath Bank
4297,13,No,4,No,Pubudu-Sampath Bank
826,15,No,4,No,Pubudu-Sampath Bank
3915,13,No,4,No,Pubudu-Sampath Bank
3220,11,No,4,No,Pubudu-Sampath Bank
1875,5,No,4,No,Pubudu-Sampath Bank
3981,7,No,4,No,Pubudu-Sampath Bank
671,4,No,4,No,Pubudu-Sampath Bank
2842,5,No,4,No,Pubudu-Sampath Bank
4960,10,No,4,No,Pubudu-Sampath Bank
3029,7,No,4,No,Pubudu-Sampath Bank
640,7,No,4,No,Pubudu-Sampath Bank
1453,6,No,4,No,Pubudu-Sampath Bank
1193,11,No,4,No,Pubudu-Sampath Bank
789,15,No,4,No,Pubudu-Sampath Bank
4194,18,No,4,No,Pubudu-Sampath Bank
2745,7,No,4,No,Pubudu-Sampath Bank
1884,13,No,4,No,Pubudu-Sampath Bank
4429,7,No,4,No,Pubudu-Sampath Bank
1610,3,No,4,No,Pubudu-Sampath Bank
3734,4,No,4,No,Pubudu-Sampath Bank
995,4,No,4,No,Pubudu-Sampath Bank
1706,18,No,4,No,Pubudu-Sampath Bank
1861,16,No,4,No,Pubudu-Sampath Bank
4402,11,No,4,No,Pubudu-Sampath Bank
3428,2,No,4,No,Pubudu-Sampath Bank
3157,2,No,4,No,Pubudu-Sampath Bank
1243,14,No,4,No,Pubudu-Sampath Bank
4220,14,No,4,No,Pubudu-Sampath Bank
1817,18,No,4,No,Pubudu-Sampath Bank
2393,12,No,4,No,Pubudu-Sampath Bank
1434,7,No,4,No,Pubudu-Sampath Bank
3774,14,No,4,No,Pubudu-Sampath Bank
4530,18,No,4,No,Pubudu-Sampath Bank
3738,17,No,4,No,Pubudu-Sampath Bank
4722,14,No,4,No,Pubudu-Sampath Bank
1356,9,No,4,No,Pubudu-Sampath Bank
2136,12,No,4,No,Pubudu-Sampath Bank
3281,5,No,4,No,Pubudu-Sampath Bank
1872,10,No,4,No,Pubudu-Sampath Bank
4069,7,No,4,No,Pubudu-Sampath Bank
4801,7,No,4,No,Pubudu-Sampath Bank
3224,16,No,4,No,Pubudu-Sampath Bank
1690,2,No,4,No,Pubudu-Sampath Bank
1882,6,No,4,No,Pubudu-Sampath Bank
1426,11,No,4,No,Pubudu-Sampath Bank
4230,12,No,4,No,Pubudu-Sampath Bank
3315,18,No,4,No,Pubudu-Sampath Bank
4157,11,No,4,No,Pubudu-Sampath Bank
994,14,No,4,No,Pubudu-Sampath Bank
4642,8,No,4,No,Pubudu-Sampath Bank
3027,8,No,4,No,Pubudu-Sampath Bank
4249,13,No,4,No,Pubudu-Sampath Bank
4170,18,No,4,No,Pubudu-Sampath Bank
1932,14,No,4,No,Pubudu-Sampath Bank
2863,5,No,4,No,Pubudu-Sampath Bank
836,13,No,4,No,Pubudu-Sampath Bank
2509,11,No,4,No,Pubudu-Sampath Bank
4612,8,No,4,No,Pubudu-Sampath Bank
3259,17,No,4,No,Pubudu-Sampath Bank
3764,14,No,4,No,Pubudu-Sampath Bank
4160,8,No,4,No,Pubudu-Sampath Bank
1485,6,No,4,No,Pubudu-Sampath Bank
4298,2,No,4,No,Pubudu-Sampath Bank
4402,9,No,4,No,Pubudu-Sampath Bank
4135,9,No,4,No,Pubudu-Sampath Bank
1134,11,No,4,No,Pubudu-Sampath Bank
1008,5,No,4,No,Pubudu-Sampath Bank
3215,12,No,4,No,Pubudu-Sampath Bank
2349,10,No,4,No,Pubudu-Sampath Bank
1513,11,No,4,No,Pubudu-Sampath Bank
3972,1,No,4,No,Pubudu-Sampath Bank
4965,5,No,4,No,Pubudu-Sampath Bank
4078,16,No,4,No,Pubudu-Sampath Bank
1584,13,No,4,No,Pubudu-Sampath Bank
4854,16,No,4,No,Pubudu-Sampath Bank
1073,3,No,4,No,Pubudu-Sampath Bank
4123,2,No,4,No,Pubudu-Sampath Bank
706,7,No,4,No,Pubudu-Sampath Bank
1876,12,No,4,No,Pubudu-Sampath Bank
596,2,No,4,No,Pubudu-Sampath Bank
1165,6,No,4,No,Pubudu-Sampath Bank
2186,15,No,4,No,Pubudu-Sampath Bank
2915,11,No,4,No,Pubudu-Sampath Bank
4564,7,No,4,No,Pubudu-Sampath Bank
2198,6,No,4,No,Pubudu-Sampath Bank
902,16,No,4,No,Pubudu-Sampath Bank
1455,10,No,4,No,Pubudu-Sampath Bank
889,5,No,4,No,Pubudu-Sampath Bank
4795,18,No,4,No,Pubudu-Sampath Bank
2753,17,No,4,No,Pubudu-Sampath Bank
2143,15,No,4,No,Pubudu-Sampath Bank
1013,15,No,4,No,Pubudu-Sampath Bank
1453,15,No,4,No,Pubudu-Sampath Bank
1678,7,No,4,No,Pubudu-Sampath Bank
1678,10,No,4,No,Pubudu-Sampath Bank
975,3,No,4,No,Pubudu-Sampath Bank
1356,5,No,4,No,Pubudu-Sampath Bank
1726,3,No,4,No,Pubudu-Sampath Bank
3895,18,No,4,No,Pubudu-Sampath Bank
4619,11,No,4,No,Pubudu-Sampath Bank
1979,15,No,4,No,Pubudu-Sampath Bank
3011,7,No,4,No,Pubudu-Sampath Bank
3401,7,No,4,No,Pubudu-Sampath Bank
3855,8,No,4,No,Pubudu-Sampath Bank
3384,6,No,4,No,Pubudu-Sampath Bank
2853,4,No,4,No,Pubudu-Sampath Bank
886,17,No,4,No,Pubudu-Sampath Bank
1705,18,No,4,No,Pubudu-Sampath Bank
1244,16,No,4,No,Pubudu-Sampath Bank
626,5,No,4,No,Pubudu-Sampath Bank
3417,18,No,4,No,Pubudu-Sampath Bank
4578,10,No,4,No,Pubudu-Sampath Bank
1977,13,No,4,No,Pubudu-Sampath Bank
1001,17,No,4,No,Pubudu-Sampath Bank
1037,11,No,4,No,Pubudu-Sampath Bank
4393,17,No,4,No,Pubudu-Sampath Bank
2020,15,No,4,No,Pubudu-Sampath Bank
2897,8,No,4,No,Pubudu-Sampath Bank
960,15,No,4,No,Pubudu-Sampath Bank
2387,14,No,4,No,Pubudu-Sampath Bank
4445,6,No,4,No,Pubudu-Sampath Bank
3936,8,No,4,No,Pubudu-Sampath Bank
633,16,No,4,No,Pubudu-Sampath Bank
3875,8,No,4,No,Pubudu-Sampath Bank
4031,15,No,4,No,Pubudu-Sampath Bank
2229,16,No,4,No,Pubudu-Sampath Bank
1798,5,No,4,No,Pubudu-Sampath Bank
1163,16,No,4,No,Pubudu-Sampath Bank
3238,8,No,4,No,Pubudu-Sampath Bank
3889,13,No,4,No,Pubudu-Sampath Bank
1998,13,No,4,No,Pubudu-Sampath Bank
2872,8,No,4,No,Pubudu-Sampath Bank
4812,4,No,4,No,Pubudu-Sampath Bank
1508,5,No,4,No,Pubudu-Sampath Bank
2699,12,No,4,No,Pubudu-Sampath Bank
1706,10,No,4,No,Pubudu-Sampath Bank
1586,13,No,4,No,Pubudu-Sampath Bank
1959,6,No,4,No,Pubudu-Sampath Bank
4664,9,No,4,No,Pubudu-Sampath Bank
1617,7,No,4,No,Pubudu-Sampath Bank
2665,16,No,4,No,Pubudu-Sampath Bank
713,4,No,4,No,Pubudu-Sampath Bank
3533,12,No,4,No,Pubudu-Sampath Bank
1392,14,No,4,No,Pubudu-Sampath Bank
635,12,No,4,No,Pubudu-Sampath Bank
632,15,No,4,No,Pubudu-Sampath Bank
1058,12,No,4,No,Pubudu-Sampath Bank
1635,2,No,4,No,Pubudu-Sampath Bank
2643,10,No,4,No,Pubudu-Sampath Bank
1776,11,No,4,No,Pubudu-Sampath Bank
1101,18,No,4,No,Pubudu-Sampath Bank
2340,2,No,4,No,Pubudu-Sampath Bank
788,16,No,4,No,Pubudu-Sampath Bank
594,13,No,4,No,Pubudu-Sampath Bank
1966,16,No,4,No,Pubudu-Sampath Bank
1296,4,No,4,No,Pubudu-Sampath Bank
3954,1,No,4,No,Pubudu-Sampath Bank
2604,8,No,4,No,Pubudu-Sampath Bank
3232,2,No,4,No,Pubudu-Sampath Bank
3280,2,No,4,No,Pubudu-Sampath Bank
1293,12,No,4,No,Pubudu-Sampath Bank
4067,11,No,4,No,Pubudu-Sampath Bank
1336,5,No,4,No,Pubudu-Sampath Bank
3444,18,No,4,No,Pubudu-Sampath Bank
1176,3,No,4,No,Pubudu-Sampath Bank
4887,18,No,4,No,Pubudu-Sampath Bank
3010,15,No,4,No,Pubudu-Sampath Bank
690,5,No,4,No,Pubudu-Sampath Bank
575,11,No,4,No,Pubudu-Sampath Bank
3855,10,No,4,No,Pubudu-Sampath Bank
1501,11,No,4,No,Pubudu-Sampath Bank
1518,6,No,4,No,Pubudu-Sampath Bank
2081,9,No,4,No,Pubudu-Sampath Bank
1991,12,No,4,No,Pubudu-Sampath Bank
4559,15,No,4,No,Pubudu-Sampath Bank
2653,12,No,4,No,Pubudu-Sampath Bank
1756,1,No,4,No,Pubudu-Sampath Bank
2729,3,No,4,No,Pubudu-Sampath Bank
4883,1,No,4,No,Pubudu-Sampath Bank
3033,7,No,4,No,Pubudu-Sampath Bank
1955,4,No,4,No,Pubudu-Sampath Bank
1972,1,No,4,No,Pubudu-Sampath Bank
590,5,No,4,No,Pubudu-Sampath Bank
3114,6,No,4,No,Pubudu-Sampath Bank
3082,12,No,4,No,Pubudu-Sampath Bank
3991,6,No,4,No,Pubudu-Sampath Bank
622,16,No,4,No,Pubudu-Sampath Bank
1083,17,No,4,No,Pubudu-Sampath Bank
1733,1,No,4,No,Pubudu-Sampath Bank
1913,7,No,4,No,Pubudu-Sampath Bank
4333,6,No,4,No,Pubudu-Sampath Bank
817,16,No,4,No,Pubudu-Sampath Bank
3887,12,No,4,No,Pubudu-Sampath Bank
2063,2,No,4,No,Pubudu-Sampath Bank
960,1,No,4,No,Pubudu-Sampath Bank
2806,2,No,4,No,Pubudu-Sampath Bank
2384,14,No,4,No,Pubudu-Sampath Bank
4540,6,No,4,No,Pubudu-Sampath Bank
2526,16,No,4,No,Pubudu-Sampath Bank
4155,10,No,4,No,Pubudu-Sampath Bank
2038,7,No,4,No,Pubudu-Sampath Bank
2457,13,No,4,No,Pubudu-Sampath Bank
2421,14,No,4,No,Pubudu-Sampath Bank
4288,5,No,4,No,Pubudu-Sampath Bank
2314,16,No,4,No,Pubudu-Sampath Bank
712,4,No,4,No,Pubudu-Sampath Bank
3814,5,No,4,No,Pubudu-Sampath Bank
2717,3,No,4,No,Pubudu-Sampath Bank
1893,13,No,4,No,Pubudu-Sampath Bank
503,4,No,4,No,Pubudu-Sampath Bank
4598,15,No,4,No,Pubudu-Sampath Bank
1399,4,No,4,No,Pubudu-Sampath Bank
4721,14,No,4,No,Pubudu-Sampath Bank
2536,3,No,4,No,Pubudu-Sampath Bank
964,11,No,4,No,Pubudu-Sampath Bank
4053,6,No,4,No,Pubudu-Sampath Bank
3870,12,No,4,No,Pubudu-Sampath Bank
955,16,No,4,No,Pubudu-Sampath Bank
4600,8,No,4,No,Pubudu-Sampath Bank
1854,1,No,4,No,Pubudu-Sampath Bank
2356,18,No,4,No,Pubudu-Sampath Bank
3830,5,No,4,No,Pubudu-Sampath Bank
4770,7,No,4,No,Pubudu-Sampath Bank
1116,12,No,4,No,Pubudu-Sampath Bank
1617,18,No,4,No,Pubudu-Sampath Bank
4191,15,No,4,No,Pubudu-Sampath Bank
2798,9,No,4,No,Pubudu-Sampath Bank
2047,13,No,4,No,Pubudu-Sampath Bank
574,6,No,4,No,Pubudu-Sampath Bank
4612,6,No,4,No,Pubudu-Sampath Bank
2748,9,No,4,No,Pubudu-Sampath Bank
3037,2,No,4,No,Pubudu-Sampath Bank
2248,12,No,4,No,Pubudu-Sampath Bank
4054,8,No,4,No,Pubudu-Sampath Bank
4360,12,No,4,No,Pubudu-Sampath Bank
2086,17,No,4,No,Pubudu-Sampath Bank
923,11,No,4,No,Pubudu-Sampath Bank
2858,13,No,4,No,Pubudu-Sampath Bank
3055,15,No,4,No,Pubudu-Sampath Bank
2522,12,No,4,No,Pubudu-Sampath Bank
3533,5,No,4,No,Pubudu-Sampath Bank
3273,1,No,4,No,Pubudu-Sampath Bank
2080,16,No,4,No,Pubudu-Sampath Bank
4979,7,No,4,No,Pubudu-Sampath Bank
1140,2,No,4,No,Pubudu-Sampath Bank
778,14,No,4,No,Pubudu-Sampath Bank
4572,14,No,4,No,Pubudu-Sampath Bank
3511,18,No,4,No,Pubudu-Sampath Bank
2958,8,No,4,No,Pubudu-Sampath Bank
502,17,No,4,No,Pubudu-Sampath Bank
1183,6,No,4,No,Pubudu-Sampath Bank
1189,6,No,4,No,Pubudu-Sampath Bank
3186,14,No,4,No,Pubudu-Sampath Bank
1070,10,No,4,No,Pubudu-Sampath Bank
2499,1,No,4,No,Pubudu-Sampath Bank
2329,5,No,4,No,Pubudu-Sampath Bank
1320,3,No,4,No,Pubudu-Sampath Bank
4029,16,No,4,No,Pubudu-Sampath Bank
4658,6,No,4,No,Pubudu-Sampath Bank
3792,17,No,4,No,Pubudu-Sampath Bank
3944,11,No,4,No,Pubudu-Sampath Bank
4907,6,No,4,No,Pubudu-Sampath Bank
4914,15,No,4,No,Pubudu-Sampath Bank
4204,14,No,4,No,Pubudu-Sampath Bank
3181,4,No,4,No,Pubudu-Sampath Bank
3041,14,No,4,No,Pubudu-Sampath Bank
4240,16,No,4,No,Pubudu-Sampath Bank
4704,13,No,4,No,Pubudu-Sampath Bank
3438,9,No,4,No,Pubudu-Sampath Bank
693,1,No,4,No,Pubudu-Sampath Bank
3736,16,No,4,No,Pubudu-Sampath Bank
1294,1,No,4,No,Pubudu-Sampath Bank
1619,14,No,4,No,Pubudu-Sampath Bank
4341,4,No,4,No,Pubudu-Sampath Bank
3960,12,No,4,No,Pubudu-Sampath Bank
2672,12,No,4,No,Pubudu-Sampath Bank
1633,16,No,4,No,Pubudu-Sampath Bank
835,11,No,4,No,Pubudu-Sampath Bank
2691,13,No,4,No,Pubudu-Sampath Bank
4506,11,No,4,No,Pubudu-Sampath Bank
1283,3,No,4,No,Pubudu-Sampath Bank
2091,14,No,4,No,Pubudu-Sampath Bank
4541,10,No,4,No,Pubudu-Sampath Bank
2906,1,No,4,No,Pubudu-Sampath Bank
2957,11,No,4,No,Pubudu-Sampath Bank
1650,2,No,4,No,Pubudu-Sampath Bank
861,3,No,4,No,Pubudu-Sampath Bank
1785,9,No,4,No,Pubudu-Sampath Bank
1623,16,No,4,No,Pubudu-Sampath Bank
3509,5,No,4,No,Pubudu-Sampath Bank
503,16,No,4,No,Pubudu-Sampath Bank
4397,2,No,4,No,Pubudu-Sampath Bank
1685,3,No,4,No,Pubudu-Sampath Bank
1277,2,No,4,No,Pubudu-Sampath Bank
4659,10,No,4,No,Pubudu-Sampath Bank
3104,11,No,4,No,Pubudu-Sampath Bank
3891,9,No,4,No,Pubudu-Sampath Bank
781,14,No,4,No,Pubudu-Sampath Bank
931,2,No,4,No,Pubudu-Sampath Bank
4554,3,No,4,No,Pubudu-Sampath Bank
1111,2,No,4,No,Pubudu-Sampath Bank
1841,8,No,4,No,Pubudu-Sampath Bank
3860,10,No,4,No,Pubudu-Sampath Bank
882,8,No,4,No,Pubudu-Sampath Bank
4512,4,No,4,No,Pubudu-Sampath Bank
2790,6,No,4,No,Pubudu-Sampath Bank
902,3,No,4,No,Pubudu-Sampath Bank
2872,18,No,4,No,Pubudu-Sampath Bank
2877,13,No,4,No,Pubudu-Sampath Bank
765,1,No,4,No,Pubudu-Sampath Bank
4025,1,No,4,No,Pubudu-Sampath Bank
4649,14,No,4,No,Pubudu-Sampath Bank
1875,11,No,4,No,Pubudu-Sampath Bank
3566,9,No,4,No,Pubudu-Sampath Bank
1970,2,No,4,No,Pubudu-Sampath Bank
3171,8,No,4,No,Pubudu-Sampath Bank
2008,6,No,4,No,Pubudu-Sampath Bank
2600,2,No,4,No,Pubudu-Sampath Bank
2166,7,No,4,No,Pubudu-Sampath Bank
1043,6,No,4,No,Pubudu-Sampath Bank
2756,1,No,4,No,Pubudu-Sampath Bank
2411,9,No,4,No,Pubudu-Sampath Bank
4185,7,No,4,No,Pubudu-Sampath Bank
2331,18,No,4,No,Pubudu-Sampath Bank
3133,3,No,4,No,Pubudu-Sampath Bank
4650,17,No,4,No,Pubudu-Sampath Bank
1143,6,No,4,No,Pubudu-Sampath Bank
2022,10,No,4,No,Pubudu-Sampath Bank
3596,6,No,4,No,Pubudu-Sampath Bank
4879,13,No,4,No,Pubudu-Sampath Bank
3996,17,No,4,No,Pubudu-Sampath Bank
3536,7,No,4,No,Pubudu-Sampath Bank
1136,3,No,4,No,Pubudu-Sampath Bank
2510,11,No,4,No,Pubudu-Sampath Bank
4615,11,No,4,No,Pubudu-Sampath Bank
4534,11,No,4,No,Pubudu-Sampath Bank
4457,15,No,4,No,Pubudu-Sampath Bank
3834,16,No,4,No,Pubudu-Sampath Bank
1030,17,No,4,No,Pubudu-Sampath Bank
1922,18,No,4,No,Pubudu-Sampath Bank
1622,7,No,4,No,Pubudu-Sampath Bank
3255,1,No,4,No,Pubudu-Sampath Bank
4757,13,No,4,No,Pubudu-Sampath Bank
4771,16,No,4,No,Pubudu-Sampath Bank
2173,5,No,4,No,Pubudu-Sampath Bank
1761,14,No,4,No,Pubudu-Sampath Bank
618,14,No,4,No,Pubudu-Sampath Bank
4553,18,No,4,No,Pubudu-Sampath Bank
2002,5,No,4,No,Pubudu-Sampath Bank
1775,9,No,4,No,Pubudu-Sampath Bank
3921,1,No,4,No,Pubudu-Sampath Bank
851,15,No,4,No,Pubudu-Sampath Bank
3950,13,No,4,No,Pubudu-Sampath Bank
2082,13,No,4,No,Pubudu-Sampath Bank
4788,16,No,4,No,Pubudu-Sampath Bank
4676,10,No,4,No,Pubudu-Sampath Bank
1343,14,No,4,No,Pubudu-Sampath Bank
2938,7,No,4,No,Pubudu-Sampath Bank
4934,10,No,4,No,Pubudu-Sampath Bank
3624,3,No,4,No,Pubudu-Sampath Bank
775,6,No,4,No,Pubudu-Sampath Bank
2701,8,No,4,No,Pubudu-Sampath Bank
1615,13,No,4,No,Pubudu-Sampath Bank
1084,9,No,4,No,Pubudu-Sampath Bank
850,4,No,4,No,Pubudu-Sampath Bank
3004,14,No,4,No,Pubudu-Sampath Bank
3381,1,No,4,No,Pubudu-Sampath Bank
3926,10,No,4,No,Pubudu-Sampath Bank
4438,15,No,4,No,Pubudu-Sampath Bank
782,1,No,4,No,Pubudu-Sampath Bank
3056,13,No,4,No,Pubudu-Sampath Bank
3878,4,No,4,No,Pubudu-Sampath Bank
1654,2,No,4,No,Pubudu-Sampath Bank
2337,17,No,4,No,Pubudu-Sampath Bank
900,9,No,4,No,Pubudu-Sampath Bank
4804,15,No,4,No,Pubudu-Sampath Bank
1761,10,No,4,No,Pubudu-Sampath Bank
3015,10,No,4,No,Pubudu-Sampath Bank
792,17,No,4,No,Pubudu-Sampath Bank
743,16,No,4,No,Pubudu-Sampath Bank
1471,12,No,4,No,Pubudu-Sampath Bank
1343,5,No,4,No,Pubudu-Sampath Bank
4459,11,No,4,No,Pubudu-Sampath Bank
2181,15,No,4,No,Pubudu-Sampath Bank
4860,15,No,4,No,Pubudu-Sampath Bank
3414,2,No,4,No,Pubudu-Sampath Bank
1658,9,No,4,No,Pubudu-Sampath Bank
1501,13,No,4,No,Pubudu-Sampath Bank
4729,17,No,4,No,Pubudu-Sampath Bank
4477,17,No,4,No,Pubudu-Sampath Bank
2397,13,No,4,No,Pubudu-Sampath Bank
3804,16,No,4,No,Pubudu-Sampath Bank
745,12,No,4,No,Pubudu-Sampath Bank
621,8,No,4,No,Pubudu-Sampath Bank
3480,4,No,4,No,Pubudu-Sampath Bank
4228,6,No,4,No,Pubudu-Sampath Bank
966,1,No,4,No,Pubudu-Sampath Bank
662,4,No,4,No,Pubudu-Sampath Bank
770,10,No,4,No,Pubudu-Sampath Bank
3586,7,No,4,No,Pubudu-Sampath Bank
1256,5,No,4,No,Pubudu-Sampath Bank
1515,3,No,4,No,Pubudu-Sampath Bank
2809,10,No,4,No,Pubudu-Sampath Bank
727,8,No,4,No,Pubudu-Sampath Bank
2441,1,No,4,No,Pubudu-Sampath Bank
4428,8,No,4,No,Pubudu-Sampath Bank
3749,15,No,4,No,Pubudu-Sampath Bank
1500,11,No,4,No,Pubudu-Sampath Bank
2476,17,No,4,No,Pubudu-Sampath Bank
3021,12,No,4,No,Pubudu-Sampath Bank
936,12,No,4,No,Pubudu-Sampath Bank
3264,8,No,4,No,Pubudu-Sampath Bank
4379,14,No,4,No,Pubudu-Sampath Bank
3808,7,No,4,No,Pubudu-Sampath Bank
4590,18,No,4,No,Pubudu-Sampath Bank
858,13,No,4,No,Pubudu-Sampath Bank
4809,3,No,4,No,Pubudu-Sampath Bank
3163,2,No,4,No,Pubudu-Sampath Bank
3732,9,No,4,No,Pubudu-Sampath Bank
3536,6,No,4,No,Pubudu-Sampath Bank
3909,2,No,4,No,Pubudu-Sampath Bank
2910,2,No,4,No,Pubudu-Sampath Bank
3514,1,No,4,No,Pubudu-Sampath Bank
1940,11,No,4,No,Pubudu-Sampath Bank
3551,4,No,4,No,Pubudu-Sampath Bank
1763,15,No,4,No,Pubudu-Sampath Bank
3090,11,No,4,No,Pubudu-Sampath Bank
861,17,No,4,No,Pubudu-Sampath Bank
4194,6,No,4,No,Pubudu-Sampath Bank
924,3,No,4,No,Pubudu-Sampath Bank
1064,2,No,4,No,Pubudu-Sampath Bank
3568,2,No,4,No,Pubudu-Sampath Bank
4268,12,No,4,No,Pubudu-Sampath Bank
2790,18,No,4,No,Pubudu-Sampath Bank
681,10,No,4,No,Pubudu-Sampath Bank
2253,1,No,4,No,Pubudu-Sampath Bank
4703,10,No,4,No,Pubudu-Sampath Bank
3383,5,No,4,No,Pubudu-Sampath Bank
2031,5,No,4,No,Pubudu-Sampath Bank
4943,12,No,4,No,Pubudu-Sampath Bank
1469,3,No,4,No,Pubudu-Sampath Bank
3609,10,No,4,No,Pubudu-Sampath Bank
1756,15,No,4,No,Pubudu-Sampath Bank
2972,2,No,4,No,Pubudu-Sampath Bank
830,8,No,4,No,Pubudu-Sampath Bank
4799,17,No,4,No,Pubudu-Sampath Bank
3015,4,No,4,No,Pubudu-Sampath Bank
4130,6,No,4,No,Pubudu-Sampath Bank
2834,8,No,4,No,Pubudu-Sampath Bank
3595,11,No,4,No,Pubudu-Sampath Bank
2036,3,No,4,No,Pubudu-Sampath Bank
3249,1,No,4,No,Pubudu-Sampath Bank
2318,16,No,4,No,Pubudu-Sampath Bank
990,1,No,4,No,Pubudu-Sampath Bank
2174,1,No,4,No,Pubudu-Sampath Bank
3582,15,No,4,No,Pubudu-Sampath Bank
3039,17,No,4,No,Pubudu-Sampath Bank
1135,16,No,4,No,Pubudu-Sampath Bank
4433,6,No,4,No,Pubudu-Sampath Bank
2810,17,No,4,No,Pubudu-Sampath Bank
4245,5,No,4,No,Pubudu-Sampath Bank
4538,3,No,4,No,Pubudu-Sampath Bank
605,4,No,4,No,Pubudu-Sampath Bank
4781,17,No,4,No,Pubudu-Sampath Bank
2134,15,No,4,No,Pubudu-Sampath Bank
2905,9,No,4,No,Pubudu-Sampath Bank
4561,9,No,4,No,Pubudu-Sampath Bank
3185,17,No,4,No,Pubudu-Sampath Bank
2643,12,No,4,No,Pubudu-Sampath Bank
4196,9,No,4,No,Pubudu-Sampath Bank
1607,14,No,4,No,Pubudu-Sampath Bank
2806,12,No,4,No,Pubudu-Sampath Bank
1178,10,No,4,No,Pubudu-Sampath Bank
1947,5,No,4,No,Pubudu-Sampath Bank
4256,2,No,4,No,Pubudu-Sampath Bank
2187,5,No,4,No,Pubudu-Sampath Bank
3635,16,No,4,No,Pubudu-Sampath Bank
4517,16,No,4,No,Pubudu-Sampath Bank
4995,18,No,4,No,Pubudu-Sampath Bank
1908,6,No,4,No,Pubudu-Sampath Bank
571,6,No,4,No,Pubudu-Sampath Bank
1605,17,No,4,No,Pubudu-Sampath Bank
2190,5,No,4,No,Pubudu-Sampath Bank
808,10,No,4,No,Pubudu-Sampath Bank
1474,18,No,4,No,Pubudu-Sampath Bank
3386,12,No,4,No,Pubudu-Sampath Bank
4161,17,No,4,No,Pubudu-Sampath Bank
2579,11,No,4,No,Pubudu-Sampath Bank
897,13,No,4,No,Pubudu-Sampath Bank
3335,10,No,4,No,Pubudu-Sampath Bank
2643,18,No,4,No,Pubudu-Sampath Bank
4125,8,No,4,No,Pubudu-Sampath Bank
799,8,No,4,No,Pubudu-Sampath Bank
798,18,No,4,No,Pubudu-Sampath Bank
3734,17,No,4,No,Pubudu-Sampath Bank
3412,4,No,4,No,Pubudu-Sampath Bank
4904,1,No,4,No,Pubudu-Sampath Bank
1177,2,No,4,No,Pubudu-Sampath Bank
3160,11,No,4,No,Pubudu-Sampath Bank
880,15,No,4,No,Pubudu-Sampath Bank
3274,5,No,4,No,Pubudu-Sampath Bank
4154,8,No,4,No,Pubudu-Sampath Bank
2756,10,No,4,No,Pubudu-Sampath Bank
1278,3,No,4,No,Pubudu-Sampath Bank
4901,16,No,4,No,Pubudu-Sampath Bank
2300,1,No,4,No,Pubudu-Sampath Bank
4826,1,No,4,No,Pubudu-Sampath Bank
2411,5,No,4,No,Pubudu-Sampath Bank
3348,17,No,4,No,Pubudu-Sampath Bank
4768,7,No,4,No,Pubudu-Sampath Bank
4689,12,No,4,No,Pubudu-Sampath Bank
3136,11,No,4,No,Pubudu-Sampath Bank
4405,14,No,4,No,Pubudu-Sampath Bank
2048,18,No,4,No,Pubudu-Sampath Bank
1090,13,No,4,No,Pubudu-Sampath Bank
3839,5,No,4,No,Pubudu-Sampath Bank
3230,6,No,4,No,Pubudu-Sampath Bank
4626,1,No,4,No,Pubudu-Sampath Bank
3776,14,No,4,No,Pubudu-Sampath Bank
3802,4,No,4,No,Pubudu-Sampath Bank
4904,2,No,4,No,Pubudu-Sampath Bank
616,9,No,4,No,Pubudu-Sampath Bank
792,11,No,4,No,Pubudu-Sampath Bank
711,1,No,4,No,Pubudu-Sampath Bank
2977,9,No,4,No,Pubudu-Sampath Bank
3572,5,No,4,No,Pubudu-Sampath Bank
4767,13,No,4,No,Pubudu-Sampath Bank
4044,15,No,4,No,Pubudu-Sampath Bank
1922,15,No,4,No,Pubudu-Sampath Bank
2082,7,No,4,No,Pubudu-Sampath Bank
4996,2,No,4,No,Pubudu-Sampath Bank
1731,15,No,4,No,Pubudu-Sampath Bank
2741,13,No,4,No,Pubudu-Sampath Bank
4111,10,No,4,No,Pubudu-Sampath Bank
3250,14,No,4,No,Pubudu-Sampath Bank
3983,14,No,4,No,Pubudu-Sampath Bank
526,8,No,4,No,Pubudu-Sampath Bank
1453,6,No,4,No,Pubudu-Sampath Bank
4764,12,No,4,No,Pubudu-Sampath Bank
4000,11,No,4,No,Pubudu-Sampath Bank
3092,11,No,4,No,Pubudu-Sampath Bank
1863,13,No,4,No,Pubudu-Sampath Bank
2418,15,No,4,No,Pubudu-Sampath Bank
4522,12,No,4,No,Pubudu-Sampath Bank
765,6,No,4,No,Pubudu-Sampath Bank
2321,15,No,4,No,Pubudu-Sampath Bank
627,4,No,4,No,Pubudu-Sampath Bank
4198,14,No,4,No,Pubudu-Sampath Bank
3086,13,No,4,No,Pubudu-Sampath Bank
1771,9,No,4,No,Pubudu-Sampath Bank
4031,17,No,4,No,Pubudu-Sampath Bank
1436,16,No,4,No,Pubudu-Sampath Bank
1964,18,No,4,No,Pubudu-Sampath Bank
921,2,No,4,No,Pubudu-Sampath Bank
1883,18,No,4,No,Pubudu-Sampath Bank
2431,14,No,4,No,Pubudu-Sampath Bank
3429,17,No,4,No,Pubudu-Sampath Bank
2618,13,No,4,No,Pubudu-Sampath Bank
2330,13,No,4,No,Pubudu-Sampath Bank
2549,7,No,4,No,Pubudu-Sampath Bank
860,18,No,4,No,Pubudu-Sampath Bank
1197,2,No,4,No,Pubudu-Sampath Bank
2395,9,No,4,No,Pubudu-Sampath Bank
3683,11,No,4,No,Pubudu-Sampath Bank
2780,12,No,4,No,Pubudu-Sampath Bank
2873,5,No,4,No,Pubudu-Sampath Bank
972,3,No,4,No,Pubudu-Sampath Bank
4636,9,No,4,No,Pubudu-Sampath Bank
2701,16,No,4,No,Pubudu-Sampath Bank
4443,8,No,4,No,Pubudu-Sampath Bank
2864,3,No,4,No,Pubudu-Sampath Bank
2598,17,No,4,No,Pubudu-Sampath Bank
4705,8,No,4,No,Pubudu-Sampath Bank
966,12,No,4,No,Pubudu-Sampath Bank
1901,9,No,4,No,Pubudu-Sampath Bank
2400,4,No,4,No,Pubudu-Sampath Bank
3698,7,No,4,No,Pubudu-Sampath Bank
1964,7,No,4,No,Pubudu-Sampath Bank
3552,4,No,4,No,Pubudu-Sampath Bank
4583,11,No,4,No,Pubudu-Sampath Bank
4799,13,No,4,No,Pubudu-Sampath Bank
2345,10,No,4,No,Pubudu-Sampath Bank
3480,1,No,4,No,Pubudu-Sampath Bank
4577,4,No,4,No,Pubudu-Sampath Bank
2472,13,No,4,No,Pubudu-Sampath Bank
3062,2,No,4,No,Pubudu-Sampath Bank
3271,3,No,4,No,Pubudu-Sampath Bank
2345,6,No,4,No,Pubudu-Sampath Bank
1138,5,No,4,No,Pubudu-Sampath Bank
2399,14,No,4,No,Pubudu-Sampath Bank
4775,1,No,4,No,Pubudu-Sampath Bank
1495,1,No,4,No,Pubudu-Sampath Bank
2792,1,No,4,No,Pubudu-Sampath Bank
2668,5,No,4,No,Pubudu-Sampath Bank
3504,15,No,4,No,Pubudu-Sampath Bank
3087,18,No,4,No,Pubudu-Sampath Bank
3889,5,No,4,No,Pubudu-Sampath Bank
605,5,No,4,No,Pubudu-Sampath Bank
1367,6,No,4,No,Pubudu-Sampath Bank
1796,15,No,4,No,Pubudu-Sampath Bank
4456,6,No,4,No,Pubudu-Sampath Bank
4416,11,No,4,No,Pubudu-Sampath Bank
3637,15,No,4,No,Pubudu-Sampath Bank
4968,11,No,4,No,Pubudu-Sampath Bank
1221,8,No,4,No,Pubudu-Sampath Bank
2938,10,No,4,No,Pubudu-Sampath Bank
1728,15,No,4,No,Pubudu-Sampath Bank
1655,11,No,4,No,Pubudu-Sampath Bank
4817,11,No,4,No,Pubudu-Sampath Bank
4215,2,No,4,No,Pubudu-Sampath Bank
4617,4,No,4,No,Pubudu-Sampath Bank
2465,3,No,4,No,Pubudu-Sampath Bank
556,6,No,4,No,Pubudu-Sampath Bank
1788,13,No,4,No,Pubudu-Sampath Bank
3645,14,No,4,No,Pubudu-Sampath Bank
2365,9,No,4,No,Pubudu-Sampath Bank
4657,4,No,4,No,Pubudu-Sampath Bank
3423,5,No,4,No,Pubudu-Sampath Bank
2492,7,No,4,No,Pubudu-Sampath Bank
3630,11,No,4,No,Pubudu-Sampath Bank
4388,5,No,4,No,Pubudu-Sampath Bank
695,18,No,4,No,Pubudu-Sampath Bank
3783,2,No,4,No,Pubudu-Sampath Bank
1710,10,No,4,No,Pubudu-Sampath Bank
2429,7,No,4,No,Pubudu-Sampath Bank
2692,8,No,4,No,Pubudu-Sampath Bank
1701,12,No,4,No,Pubudu-Sampath Bank
2835,11,No,4,No,Pubudu-Sampath Bank
3378,10,No,4,No,Pubudu-Sampath Bank
2207,3,No,4,No,Pubudu-Sampath Bank
505,8,No,4,No,Pubudu-Sampath Bank
590,14,No,4,No,Pubudu-Sampath Bank
2972,2,No,4,No,Pubudu-Sampath Bank
1895,5,No,4,No,Pubudu-Sampath Bank
2100,3,No,4,No,Pubudu-Sampath Bank
1347,18,No,4,No,Pubudu-Sampath Bank
4573,17,No,4,No,Pubudu-Sampath Bank
1114,7,No,4,No,Pubudu-Sampath Bank
3603,1,No,4,No,Pubudu-Sampath Bank
3845,2,No,4,No,Pubudu-Sampath Bank
4164,14,No,4,No,Pubudu-Sampath Bank
2996,7,No,4,No,Pubudu-Sampath Bank
2580,4,No,4,No,Pubudu-Sampath Bank
3459,17,No,4,No,Pubudu-Sampath Bank
1580,3,No,4,No,Pubudu-Sampath Bank
2394,6,No,4,No,Pubudu-Sampath Bank
2521,8,No,4,No,Pubudu-Sampath Bank
1147,5,No,4,No,Pubudu-Sampath Bank
3997,5,No,4,No,Pubudu-Sampath Bank
4575,7,No,4,No,Pubudu-Sampath Bank
3963,11,No,4,No,Pubudu-Sampath Bank
526,9,No,4,No,Pubudu-Sampath Bank
2854,2,No,4,No,Pubudu-Sampath Bank
3522,4,No,4,No,Pubudu-Sampath Bank
4629,7,No,4,No,Pubudu-Sampath Bank
2881,12,No,4,No,Pubudu-Sampath Bank
4690,14,No,4,No,Pubudu-Sampath Bank
4156,12,No,4,No,Pubudu-Sampath Bank
2834,5,No,4,No,Pubudu-Sampath Bank
3525,7,No,4,No,Pubudu-Sampath Bank
1600,5,No,4,No,Pubudu-Sampath Bank
1639,14,No,4,No,Pubudu-Sampath Bank
1733,15,No,4,No,Pubudu-Sampath Bank
4900,4,No,4,No,Pubudu-Sampath Bank
1811,2,No,4,No,Pubudu-Sampath Bank
1200,14,No,4,No,Pubudu-Sampath Bank
3243,15,No,4,No,Pubudu-Sampath Bank
4681,12,No,4,No,Pubudu-Sampath Bank
4347,14,No,4,No,Pubudu-Sampath Bank
3679,14,No,4,No,Pubudu-Sampath Bank
1151,6,No,4,No,Pubudu-Sampath Bank
1154,6,No,4,No,Pubudu-Sampath Bank
517,17,No,4,No,Pubudu-Sampath Bank
2756,12,No,4,No,Pubudu-Sampath Bank
4231,5,No,4,No,Pubudu-Sampath Bank
2501,4,No,4,No,Pubudu-Sampath Bank
1548,17,No,4,No,Pubudu-Sampath Bank
1397,10,No,4,No,Pubudu-Sampath Bank
2461,4,No,4,No,Pubudu-Sampath Bank
1639,4,No,4,No,Pubudu-Sampath Bank
4043,7,No,4,No,Pubudu-Sampath Bank
4960,14,No,4,No,Pubudu-Sampath Bank
3637,18,No,4,No,Pubudu-Sampath Bank
2954,8,No,4,No,Pubudu-Sampath Bank
1079,18,No,4,No,Pubudu-Sampath Bank
1861,1,No,4,No,Pubudu-Sampath Bank
4300,9,No,4,No,Pubudu-Sampath Bank
4382,18,No,4,No,Pubudu-Sampath Bank
2674,11,No,4,No,Pubudu-Sampath Bank
1689,1,No,4,No,Pubudu-Sampath Bank
2858,2,No,4,No,Pubudu-Sampath Bank
3908,4,No,4,No,Pubudu-Sampath Bank
3735,15,No,4,No,Pubudu-Sampath Bank
2219,4,No,4,No,Pubudu-Sampath Bank
2422,14,No,4,No,Pubudu-Sampath Bank
3680,5,No,4,No,Pubudu-Sampath Bank
844,9,No,4,No,Pubudu-Sampath Bank
844,16,No,4,No,Pubudu-Sampath Bank
700,7,No,4,No,Pubudu-Sampath Bank
4735,17,No,4,No,Pubudu-Sampath Bank
2814,16,No,4,No,Pubudu-Sampath Bank
989,14,No,4,No,Pubudu-Sampath Bank
4602,4,No,4,No,Pubudu-Sampath Bank
4160,5,No,4,No,Pubudu-Sampath Bank
1225,17,No,4,No,Pubudu-Sampath Bank
4543,14,No,4,No,Pubudu-Sampath Bank
1297,13,No,4,No,Pubudu-Sampath Bank
3625,3,No,4,No,Pubudu-Sampath Bank
3699,15,No,4,No,Pubudu-Sampath Bank
1440,7,No,4,No,Pubudu-Sampath Bank
1706,12,No,4,No,Pubudu-Sampath Bank
1622,16,No,4,No,Pubudu-Sampath Bank
1715,14,No,4,No,Pubudu-Sampath Bank
4618,11,No,4,No,Pubudu-Sampath Bank
837,2,No,4,No,Pubudu-Sampath Bank
1988,2,No,4,No,Pubudu-Sampath Bank
2877,14,No,4,No,Pubudu-Sampath Bank
4746,16,No,4,No,Pubudu-Sampath Bank
4450,2,No,4,No,Pubudu-Sampath Bank
4703,4,No,4,No,Pubudu-Sampath Bank
2973,12,No,4,No,Pubudu-Sampath Bank
4432,1,No,4,No,Pubudu-Sampath Bank
1479,2,No,4,No,Pubudu-Sampath Bank
2657,6,No,4,No,Pubudu-Sampath Bank
2237,3,No,4,No,Pubudu-Sampath Bank
3982,16,No,4,No,Pubudu-Sampath Bank
4077,11,No,4,No,Pubudu-Sampath Bank
3604,15,No,4,No,Pubudu-Sampath Bank
2919,4,No,4,No,Pubudu-Sampath Bank
2674,5,No,4,No,Pubudu-Sampath Bank
728,4,No,4,No,Pubudu-Sampath Bank
3625,10,No,4,No,Pubudu-Sampath Bank
935,13,No,4,No,Pubudu-Sampath Bank
4448,5,No,4,No,Pubudu-Sampath Bank
4726,12,No,4,No,Pubudu-Sampath Bank
3436,18,No,4,No,Pubudu-Sampath Bank
1184,15,No,4,No,Pubudu-Sampath Bank
2031,6,No,4,No,Pubudu-Sampath Bank
1787,2,No,4,No,Pubudu-Sampath Bank
936,9,No,4,No,Pubudu-Sampath Bank
3624,1,No,4,No,Pubudu-Sampath Bank
764,15,No,4,No,Pubudu-Sampath Bank
3028,11,No,4,No,Pubudu-Sampath Bank
4858,17,No,4,No,Pubudu-Sampath Bank
2027,17,No,4,No,Pubudu-Sampath Bank
4913,14,No,4,No,Pubudu-Sampath Bank
1999,11,No,4,No,Pubudu-Sampath Bank
1123,14,No,4,No,Pubudu-Sampath Bank
4942,1,No,4,No,Pubudu-Sampath Bank
787,4,No,4,No,Pubudu-Sampath Bank
1958,5,No,4,No,Pubudu-Sampath Bank
2906,14,No,4,No,Pubudu-Sampath Bank
2908,17,No,4,No,Pubudu-Sampath Bank
3608,15,No,4,No,Pubudu-Sampath Bank
2558,7,No,4,No,Pubudu-Sampath Bank
4410,17,No,4,No,Pubudu-Sampath Bank
3294,2,No,4,No,Pubudu-Sampath Bank
4112,2,No,4,No,Pubudu-Sampath Bank
597,5,No,4,No,Pubudu-Sampath Bank
2267,6,No,4,No,Pubudu-Sampath Bank
4125,10,No,4,No,Pubudu-Sampath Bank
551,2,No,4,No,Pubudu-Sampath Bank
1512,4,No,4,No,Pubudu-Sampath Bank
2211,12,No,4,No,Pubudu-Sampath Bank
1333,3,No,4,No,Pubudu-Sampath Bank
3695,18,No,4,No,Pubudu-Sampath Bank
2905,14,No,4,No,Pubudu-Sampath Bank
2617,5,No,4,No,Pubudu-Sampath Bank
4245,9,No,4,No,Pubudu-Sampath Bank
4262,9,No,4,No,Pubudu-Sampath Bank
1713,12,No,4,No,Pubudu-Sampath Bank
2006,7,No,4,No,Pubudu-Sampath Bank
3597,4,No,4,No,Pubudu-Sampath Bank
2332,8,No,4,No,Pubudu-Sampath Bank
3535,9,No,4,No,Pubudu-Sampath Bank
1898,10,No,4,No,Pubudu-Sampath Bank
4441,9,No,4,No,Pubudu-Sampath Bank
2372,16,No,4,No,Pubudu-Sampath Bank
2937,7,No,4,No,Pubudu-Sampath Bank
3678,11,No,4,No,Pubudu-Sampath Bank
3088,18,No,4,No,Pubudu-Sampath Bank
1716,1,No,4,No,Pubudu-Sampath Bank
4465,14,No,4,No,Pubudu-Sampath Bank
3529,2,No,4,No,Pubudu-Sampath Bank
1345,4,No,4,No,Pubudu-Sampath Bank
