deposit the first,age,gift,special_benifits,account_type
1790,8,Yes,Yes,Sisu Udana-Peoples Bank
1806,5,Yes,Yes,Sisu Udana-Peoples Bank
1330,6,Yes,Yes,Sisu Udana-Peoples Bank
556,16,Yes,Yes,Sisu Udana-Peoples Bank
3918,9,Yes,Yes,Sisu Udana-Peoples Bank
159,14,Yes,Yes,Sisu Udana-Peoples Bank
2192,17,Yes,Yes,Sisu Udana-Peoples Bank
3908,11,Yes,Yes,Sisu Udana-Peoples Bank
4820,18,Yes,Yes,Sisu Udana-Peoples Bank
1196,7,Yes,Yes,Sisu Udana-Peoples Bank
1996,1,Yes,Yes,Sisu Udana-Peoples Bank
889,15,Yes,Yes,Sisu Udana-Peoples Bank
764,13,Yes,Yes,Sisu Udana-Peoples Bank
2674,14,Yes,Yes,Sisu Udana-Peoples Bank
3192,14,Yes,Yes,Sisu Udana-Peoples Bank
1736,7,Yes,Yes,Sisu Udana-Peoples Bank
2814,14,Yes,Yes,Sisu Udana-Peoples Bank
2765,14,Yes,Yes,Sisu Udana-Peoples Bank
874,13,Yes,Yes,Sisu Udana-Peoples Bank
2082,10,Yes,Yes,Sisu Udana-Peoples Bank
2984,17,Yes,Yes,Sisu Udana-Peoples Bank
110,6,Yes,Yes,Sisu Udana-Peoples Bank
3995,5,Yes,Yes,Sisu Udana-Peoples Bank
2028,16,Yes,Yes,Sisu Udana-Peoples Bank
4810,17,Yes,Yes,Sisu Udana-Peoples Bank
2643,1,Yes,Yes,Sisu Udana-Peoples Bank
796,5,Yes,Yes,Sisu Udana-Peoples Bank
1320,9,Yes,Yes,Sisu Udana-Peoples Bank
4156,17,Yes,Yes,Sisu Udana-Peoples Bank
1415,8,Yes,Yes,Sisu Udana-Peoples Bank
340,13,Yes,Yes,Sisu Udana-Peoples Bank
4467,10,Yes,Yes,Sisu Udana-Peoples Bank
2693,6,Yes,Yes,Sisu Udana-Peoples Bank
726,14,Yes,Yes,Sisu Udana-Peoples Bank
379,16,Yes,Yes,Sisu Udana-Peoples Bank
3621,7,Yes,Yes,Sisu Udana-Peoples Bank
1727,13,Yes,Yes,Sisu Udana-Peoples Bank
1823,15,Yes,Yes,Sisu Udana-Peoples Bank
3127,1,Yes,Yes,Sisu Udana-Peoples Bank
1025,18,Yes,Yes,Sisu Udana-Peoples Bank
3637,12,Yes,Yes,Sisu Udana-Peoples Bank
904,14,Yes,Yes,Sisu Udana-Peoples Bank
4405,2,Yes,Yes,Sisu Udana-Peoples Bank
3710,2,Yes,Yes,Sisu Udana-Peoples Bank
3016,2,Yes,Yes,Sisu Udana-Peoples Bank
4889,16,Yes,Yes,Sisu Udana-Peoples Bank
418,17,Yes,Yes,Sisu Udana-Peoples Bank
2426,9,Yes,Yes,Sisu Udana-Peoples Bank
912,4,Yes,Yes,Sisu Udana-Peoples Bank
2053,9,Yes,Yes,Sisu Udana-Peoples Bank
1319,3,Yes,Yes,Sisu Udana-Peoples Bank
4567,16,Yes,Yes,Sisu Udana-Peoples Bank
4619,7,Yes,Yes,Sisu Udana-Peoples Bank
2178,17,Yes,Yes,Sisu Udana-Peoples Bank
1849,17,Yes,Yes,Sisu Udana-Peoples Bank
2202,5,Yes,Yes,Sisu Udana-Peoples Bank
411,2,Yes,Yes,Sisu Udana-Peoples Bank
3643,18,Yes,Yes,Sisu Udana-Peoples Bank
1329,8,Yes,Yes,Sisu Udana-Peoples Bank
3679,15,Yes,Yes,Sisu Udana-Peoples Bank
3871,4,Yes,Yes,Sisu Udana-Peoples Bank
3967,4,Yes,Yes,Sisu Udana-Peoples Bank
4411,15,Yes,Yes,Sisu Udana-Peoples Bank
1420,8,Yes,Yes,Sisu Udana-Peoples Bank
1354,9,Yes,Yes,Sisu Udana-Peoples Bank
753,1,Yes,Yes,Sisu Udana-Peoples Bank
4875,7,Yes,Yes,Sisu Udana-Peoples Bank
257,8,Yes,Yes,Sisu Udana-Peoples Bank
3416,2,Yes,Yes,Sisu Udana-Peoples Bank
2671,12,Yes,Yes,Sisu Udana-Peoples Bank
2436,14,Yes,Yes,Sisu Udana-Peoples Bank
1254,5,Yes,Yes,Sisu Udana-Peoples Bank
1323,3,Yes,Yes,Sisu Udana-Peoples Bank
3177,7,Yes,Yes,Sisu Udana-Peoples Bank
346,14,Yes,Yes,Sisu Udana-Peoples Bank
3993,14,Yes,Yes,Sisu Udana-Peoples Bank
4465,5,Yes,Yes,Sisu Udana-Peoples Bank
1668,8,Yes,Yes,Sisu Udana-Peoples Bank
2880,13,Yes,Yes,Sisu Udana-Peoples Bank
1398,6,Yes,Yes,Sisu Udana-Peoples Bank
4653,3,Yes,Yes,Sisu Udana-Peoples Bank
1409,11,Yes,Yes,Sisu Udana-Peoples Bank
899,10,Yes,Yes,Sisu Udana-Peoples Bank
532,8,Yes,Yes,Sisu Udana-Peoples Bank
4259,12,Yes,Yes,Sisu Udana-Peoples Bank
214,11,Yes,Yes,Sisu Udana-Peoples Bank
4073,16,Yes,Yes,Sisu Udana-Peoples Bank
3746,1,Yes,Yes,Sisu Udana-Peoples Bank
1678,13,Yes,Yes,Sisu Udana-Peoples Bank
3130,10,Yes,Yes,Sisu Udana-Peoples Bank
3884,6,Yes,Yes,Sisu Udana-Peoples Bank
1398,5,Yes,Yes,Sisu Udana-Peoples Bank
1882,17,Yes,Yes,Sisu Udana-Peoples Bank
4979,8,Yes,Yes,Sisu Udana-Peoples Bank
4891,16,Yes,Yes,Sisu Udana-Peoples Bank
3501,11,Yes,Yes,Sisu Udana-Peoples Bank
1773,14,Yes,Yes,Sisu Udana-Peoples Bank
2912,11,Yes,Yes,Sisu Udana-Peoples Bank
874,15,Yes,Yes,Sisu Udana-Peoples Bank
4013,16,Yes,Yes,Sisu Udana-Peoples Bank
602,8,Yes,Yes,Sisu Udana-Peoples Bank
818,15,Yes,Yes,Sisu Udana-Peoples Bank
1110,3,Yes,Yes,Sisu Udana-Peoples Bank
2745,17,Yes,Yes,Sisu Udana-Peoples Bank
2077,4,Yes,Yes,Sisu Udana-Peoples Bank
4209,16,Yes,Yes,Sisu Udana-Peoples Bank
3854,7,Yes,Yes,Sisu Udana-Peoples Bank
2691,13,Yes,Yes,Sisu Udana-Peoples Bank
1580,2,Yes,Yes,Sisu Udana-Peoples Bank
4307,8,Yes,Yes,Sisu Udana-Peoples Bank
2629,18,Yes,Yes,Sisu Udana-Peoples Bank
2877,18,Yes,Yes,Sisu Udana-Peoples Bank
4600,11,Yes,Yes,Sisu Udana-Peoples Bank
4034,4,Yes,Yes,Sisu Udana-Peoples Bank
1219,1,Yes,Yes,Sisu Udana-Peoples Bank
2784,15,Yes,Yes,Sisu Udana-Peoples Bank
517,9,Yes,Yes,Sisu Udana-Peoples Bank
1390,6,Yes,Yes,Sisu Udana-Peoples Bank
2680,2,Yes,Yes,Sisu Udana-Peoples Bank
440,13,Yes,Yes,Sisu Udana-Peoples Bank
3854,1,Yes,Yes,Sisu Udana-Peoples Bank
657,8,Yes,Yes,Sisu Udana-Peoples Bank
2282,6,Yes,Yes,Sisu Udana-Peoples Bank
1405,18,Yes,Yes,Sisu Udana-Peoples Bank
416,8,Yes,Yes,Sisu Udana-Peoples Bank
1276,16,Yes,Yes,Sisu Udana-Peoples Bank
1975,6,Yes,Yes,Sisu Udana-Peoples Bank
4791,10,Yes,Yes,Sisu Udana-Peoples Bank
1806,2,Yes,Yes,Sisu Udana-Peoples Bank
3662,4,Yes,Yes,Sisu Udana-Peoples Bank
1595,13,Yes,Yes,Sisu Udana-Peoples Bank
3001,13,Yes,Yes,Sisu Udana-Peoples Bank
2679,13,Yes,Yes,Sisu Udana-Peoples Bank
1836,11,Yes,Yes,Sisu Udana-Peoples Bank
3789,18,Yes,Yes,Sisu Udana-Peoples Bank
3368,10,Yes,Yes,Sisu Udana-Peoples Bank
2157,4,Yes,Yes,Sisu Udana-Peoples Bank
2893,12,Yes,Yes,Sisu Udana-Peoples Bank
741,1,Yes,Yes,Sisu Udana-Peoples Bank
1797,9,Yes,Yes,Sisu Udana-Peoples Bank
2406,11,Yes,Yes,Sisu Udana-Peoples Bank
268,17,Yes,Yes,Sisu Udana-Peoples Bank
1129,1,Yes,Yes,Sisu Udana-Peoples Bank
3367,6,Yes,Yes,Sisu Udana-Peoples Bank
4582,9,Yes,Yes,Sisu Udana-Peoples Bank
407,5,Yes,Yes,Sisu Udana-Peoples Bank
2614,15,Yes,Yes,Sisu Udana-Peoples Bank
2860,3,Yes,Yes,Sisu Udana-Peoples Bank
966,6,Yes,Yes,Sisu Udana-Peoples Bank
1724,13,Yes,Yes,Sisu Udana-Peoples Bank
1771,8,Yes,Yes,Sisu Udana-Peoples Bank
2931,13,Yes,Yes,Sisu Udana-Peoples Bank
3795,15,Yes,Yes,Sisu Udana-Peoples Bank
3798,6,Yes,Yes,Sisu Udana-Peoples Bank
4383,12,Yes,Yes,Sisu Udana-Peoples Bank
4306,5,Yes,Yes,Sisu Udana-Peoples Bank
1727,6,Yes,Yes,Sisu Udana-Peoples Bank
1780,3,Yes,Yes,Sisu Udana-Peoples Bank
3203,12,Yes,Yes,Sisu Udana-Peoples Bank
3208,16,Yes,Yes,Sisu Udana-Peoples Bank
2696,12,Yes,Yes,Sisu Udana-Peoples Bank
4706,6,Yes,Yes,Sisu Udana-Peoples Bank
607,13,Yes,Yes,Sisu Udana-Peoples Bank
3584,16,Yes,Yes,Sisu Udana-Peoples Bank
3066,13,Yes,Yes,Sisu Udana-Peoples Bank
4974,13,Yes,Yes,Sisu Udana-Peoples Bank
1893,13,Yes,Yes,Sisu Udana-Peoples Bank
3614,2,Yes,Yes,Sisu Udana-Peoples Bank
4212,16,Yes,Yes,Sisu Udana-Peoples Bank
1389,7,Yes,Yes,Sisu Udana-Peoples Bank
4694,16,Yes,Yes,Sisu Udana-Peoples Bank
1478,11,Yes,Yes,Sisu Udana-Peoples Bank
388,15,Yes,Yes,Sisu Udana-Peoples Bank
3934,16,Yes,Yes,Sisu Udana-Peoples Bank
2049,12,Yes,Yes,Sisu Udana-Peoples Bank
960,6,Yes,Yes,Sisu Udana-Peoples Bank
4493,14,Yes,Yes,Sisu Udana-Peoples Bank
2230,9,Yes,Yes,Sisu Udana-Peoples Bank
1937,9,Yes,Yes,Sisu Udana-Peoples Bank
344,17,Yes,Yes,Sisu Udana-Peoples Bank
4499,12,Yes,Yes,Sisu Udana-Peoples Bank
4848,3,Yes,Yes,Sisu Udana-Peoples Bank
889,8,Yes,Yes,Sisu Udana-Peoples Bank
3593,4,Yes,Yes,Sisu Udana-Peoples Bank
2602,15,Yes,Yes,Sisu Udana-Peoples Bank
2309,17,Yes,Yes,Sisu Udana-Peoples Bank
1598,16,Yes,Yes,Sisu Udana-Peoples Bank
3775,7,Yes,Yes,Sisu Udana-Peoples Bank
592,5,Yes,Yes,Sisu Udana-Peoples Bank
4341,8,Yes,Yes,Sisu Udana-Peoples Bank
188,10,Yes,Yes,Sisu Udana-Peoples Bank
4184,9,Yes,Yes,Sisu Udana-Peoples Bank
138,8,Yes,Yes,Sisu Udana-Peoples Bank
1984,8,Yes,Yes,Sisu Udana-Peoples Bank
257,8,Yes,Yes,Sisu Udana-Peoples Bank
3880,15,Yes,Yes,Sisu Udana-Peoples Bank
4795,11,Yes,Yes,Sisu Udana-Peoples Bank
3316,1,Yes,Yes,Sisu Udana-Peoples Bank
2944,10,Yes,Yes,Sisu Udana-Peoples Bank
491,18,Yes,Yes,Sisu Udana-Peoples Bank
4015,9,Yes,Yes,Sisu Udana-Peoples Bank
1052,5,Yes,Yes,Sisu Udana-Peoples Bank
2431,14,Yes,Yes,Sisu Udana-Peoples Bank
1687,11,Yes,Yes,Sisu Udana-Peoples Bank
1745,10,Yes,Yes,Sisu Udana-Peoples Bank
4468,2,Yes,Yes,Sisu Udana-Peoples Bank
4290,11,Yes,Yes,Sisu Udana-Peoples Bank
1447,6,Yes,Yes,Sisu Udana-Peoples Bank
3772,13,Yes,Yes,Sisu Udana-Peoples Bank
1989,16,Yes,Yes,Sisu Udana-Peoples Bank
104,1,Yes,Yes,Sisu Udana-Peoples Bank
3942,16,Yes,Yes,Sisu Udana-Peoples Bank
2882,13,Yes,Yes,Sisu Udana-Peoples Bank
1271,12,Yes,Yes,Sisu Udana-Peoples Bank
4689,16,Yes,Yes,Sisu Udana-Peoples Bank
2505,8,Yes,Yes,Sisu Udana-Peoples Bank
879,5,Yes,Yes,Sisu Udana-Peoples Bank
942,10,Yes,Yes,Sisu Udana-Peoples Bank
4261,4,Yes,Yes,Sisu Udana-Peoples Bank
2011,11,Yes,Yes,Sisu Udana-Peoples Bank
2800,14,Yes,Yes,Sisu Udana-Peoples Bank
740,11,Yes,Yes,Sisu Udana-Peoples Bank
3514,9,Yes,Yes,Sisu Udana-Peoples Bank
680,18,Yes,Yes,Sisu Udana-Peoples Bank
3927,4,Yes,Yes,Sisu Udana-Peoples Bank
1363,3,Yes,Yes,Sisu Udana-Peoples Bank
2432,11,Yes,Yes,Sisu Udana-Peoples Bank
302,5,Yes,Yes,Sisu Udana-Peoples Bank
2045,1,Yes,Yes,Sisu Udana-Peoples Bank
504,15,Yes,Yes,Sisu Udana-Peoples Bank
707,6,Yes,Yes,Sisu Udana-Peoples Bank
717,17,Yes,Yes,Sisu Udana-Peoples Bank
2331,13,Yes,Yes,Sisu Udana-Peoples Bank
3220,18,Yes,Yes,Sisu Udana-Peoples Bank
4084,2,Yes,Yes,Sisu Udana-Peoples Bank
1491,12,Yes,Yes,Sisu Udana-Peoples Bank
2673,18,Yes,Yes,Sisu Udana-Peoples Bank
2718,16,Yes,Yes,Sisu Udana-Peoples Bank
3306,18,Yes,Yes,Sisu Udana-Peoples Bank
3609,15,Yes,Yes,Sisu Udana-Peoples Bank
4141,6,Yes,Yes,Sisu Udana-Peoples Bank
1453,11,Yes,Yes,Sisu Udana-Peoples Bank
618,4,Yes,Yes,Sisu Udana-Peoples Bank
4201,10,Yes,Yes,Sisu Udana-Peoples Bank
3398,11,Yes,Yes,Sisu Udana-Peoples Bank
2044,10,Yes,Yes,Sisu Udana-Peoples Bank
427,3,Yes,Yes,Sisu Udana-Peoples Bank
1315,6,Yes,Yes,Sisu Udana-Peoples Bank
1849,1,Yes,Yes,Sisu Udana-Peoples Bank
1648,15,Yes,Yes,Sisu Udana-Peoples Bank
2344,16,Yes,Yes,Sisu Udana-Peoples Bank
3101,5,Yes,Yes,Sisu Udana-Peoples Bank
2355,7,Yes,Yes,Sisu Udana-Peoples Bank
2133,10,Yes,Yes,Sisu Udana-Peoples Bank
2315,6,Yes,Yes,Sisu Udana-Peoples Bank
2556,16,Yes,Yes,Sisu Udana-Peoples Bank
3139,10,Yes,Yes,Sisu Udana-Peoples Bank
1380,4,Yes,Yes,Sisu Udana-Peoples Bank
144,8,Yes,Yes,Sisu Udana-Peoples Bank
341,5,Yes,Yes,Sisu Udana-Peoples Bank
3829,5,Yes,Yes,Sisu Udana-Peoples Bank
562,13,Yes,Yes,Sisu Udana-Peoples Bank
185,5,Yes,Yes,Sisu Udana-Peoples Bank
3092,4,Yes,Yes,Sisu Udana-Peoples Bank
4506,1,Yes,Yes,Sisu Udana-Peoples Bank
2401,1,Yes,Yes,Sisu Udana-Peoples Bank
509,12,Yes,Yes,Sisu Udana-Peoples Bank
1851,13,Yes,Yes,Sisu Udana-Peoples Bank
2656,14,Yes,Yes,Sisu Udana-Peoples Bank
452,11,Yes,Yes,Sisu Udana-Peoples Bank
4125,10,Yes,Yes,Sisu Udana-Peoples Bank
890,13,Yes,Yes,Sisu Udana-Peoples Bank
3162,14,Yes,Yes,Sisu Udana-Peoples Bank
3830,18,Yes,Yes,Sisu Udana-Peoples Bank
2782,5,Yes,Yes,Sisu Udana-Peoples Bank
833,16,Yes,Yes,Sisu Udana-Peoples Bank
2884,6,Yes,Yes,Sisu Udana-Peoples Bank
2463,2,Yes,Yes,Sisu Udana-Peoples Bank
3637,5,Yes,Yes,Sisu Udana-Peoples Bank
1326,5,Yes,Yes,Sisu Udana-Peoples Bank
2176,16,Yes,Yes,Sisu Udana-Peoples Bank
4717,6,Yes,Yes,Sisu Udana-Peoples Bank
4835,4,Yes,Yes,Sisu Udana-Peoples Bank
2041,12,Yes,Yes,Sisu Udana-Peoples Bank
966,2,Yes,Yes,Sisu Udana-Peoples Bank
2372,9,Yes,Yes,Sisu Udana-Peoples Bank
2507,7,Yes,Yes,Sisu Udana-Peoples Bank
3842,7,Yes,Yes,Sisu Udana-Peoples Bank
2426,1,Yes,Yes,Sisu Udana-Peoples Bank
2911,1,Yes,Yes,Sisu Udana-Peoples Bank
4038,17,Yes,Yes,Sisu Udana-Peoples Bank
2628,13,Yes,Yes,Sisu Udana-Peoples Bank
3944,11,Yes,Yes,Sisu Udana-Peoples Bank
4738,13,Yes,Yes,Sisu Udana-Peoples Bank
2190,12,Yes,Yes,Sisu Udana-Peoples Bank
4836,14,Yes,Yes,Sisu Udana-Peoples Bank
666,15,Yes,Yes,Sisu Udana-Peoples Bank
1542,10,Yes,Yes,Sisu Udana-Peoples Bank
2784,12,Yes,Yes,Sisu Udana-Peoples Bank
4860,17,Yes,Yes,Sisu Udana-Peoples Bank
2150,13,Yes,Yes,Sisu Udana-Peoples Bank
971,17,Yes,Yes,Sisu Udana-Peoples Bank
1300,17,Yes,Yes,Sisu Udana-Peoples Bank
4515,13,Yes,Yes,Sisu Udana-Peoples Bank
2007,13,Yes,Yes,Sisu Udana-Peoples Bank
1142,10,Yes,Yes,Sisu Udana-Peoples Bank
194,7,Yes,Yes,Sisu Udana-Peoples Bank
190,13,Yes,Yes,Sisu Udana-Peoples Bank
1769,18,Yes,Yes,Sisu Udana-Peoples Bank
2375,1,Yes,Yes,Sisu Udana-Peoples Bank
2785,16,Yes,Yes,Sisu Udana-Peoples Bank
3921,17,Yes,Yes,Sisu Udana-Peoples Bank
782,1,Yes,Yes,Sisu Udana-Peoples Bank
363,12,Yes,Yes,Sisu Udana-Peoples Bank
2368,9,Yes,Yes,Sisu Udana-Peoples Bank
1634,7,Yes,Yes,Sisu Udana-Peoples Bank
4644,11,Yes,Yes,Sisu Udana-Peoples Bank
4456,18,Yes,Yes,Sisu Udana-Peoples Bank
745,7,Yes,Yes,Sisu Udana-Peoples Bank
3345,9,Yes,Yes,Sisu Udana-Peoples Bank
4471,11,Yes,Yes,Sisu Udana-Peoples Bank
4541,18,Yes,Yes,Sisu Udana-Peoples Bank
1117,2,Yes,Yes,Sisu Udana-Peoples Bank
3315,11,Yes,Yes,Sisu Udana-Peoples Bank
1660,2,Yes,Yes,Sisu Udana-Peoples Bank
4105,2,Yes,Yes,Sisu Udana-Peoples Bank
618,1,Yes,Yes,Sisu Udana-Peoples Bank
2049,16,Yes,Yes,Sisu Udana-Peoples Bank
905,16,Yes,Yes,Sisu Udana-Peoples Bank
2463,3,Yes,Yes,Sisu Udana-Peoples Bank
915,15,Yes,Yes,Sisu Udana-Peoples Bank
2540,16,Yes,Yes,Sisu Udana-Peoples Bank
3038,2,Yes,Yes,Sisu Udana-Peoples Bank
4921,6,Yes,Yes,Sisu Udana-Peoples Bank
4563,18,Yes,Yes,Sisu Udana-Peoples Bank
2357,11,Yes,Yes,Sisu Udana-Peoples Bank
4000,8,Yes,Yes,Sisu Udana-Peoples Bank
3141,3,Yes,Yes,Sisu Udana-Peoples Bank
3975,3,Yes,Yes,Sisu Udana-Peoples Bank
4919,1,Yes,Yes,Sisu Udana-Peoples Bank
2954,13,Yes,Yes,Sisu Udana-Peoples Bank
4920,6,Yes,Yes,Sisu Udana-Peoples Bank
2481,10,Yes,Yes,Sisu Udana-Peoples Bank
3618,14,Yes,Yes,Sisu Udana-Peoples Bank
4638,18,Yes,Yes,Sisu Udana-Peoples Bank
2215,15,Yes,Yes,Sisu Udana-Peoples Bank
2617,11,Yes,Yes,Sisu Udana-Peoples Bank
2391,8,Yes,Yes,Sisu Udana-Peoples Bank
3305,17,Yes,Yes,Sisu Udana-Peoples Bank
4463,5,Yes,Yes,Sisu Udana-Peoples Bank
1668,4,Yes,Yes,Sisu Udana-Peoples Bank
914,17,Yes,Yes,Sisu Udana-Peoples Bank
2938,13,Yes,Yes,Sisu Udana-Peoples Bank
3397,2,Yes,Yes,Sisu Udana-Peoples Bank
1536,11,Yes,Yes,Sisu Udana-Peoples Bank
4452,15,Yes,Yes,Sisu Udana-Peoples Bank
800,18,Yes,Yes,Sisu Udana-Peoples Bank
3712,18,Yes,Yes,Sisu Udana-Peoples Bank
4759,2,Yes,Yes,Sisu Udana-Peoples Bank
1018,5,Yes,Yes,Sisu Udana-Peoples Bank
2937,12,Yes,Yes,Sisu Udana-Peoples Bank
585,2,Yes,Yes,Sisu Udana-Peoples Bank
4602,9,Yes,Yes,Sisu Udana-Peoples Bank
399,10,Yes,Yes,Sisu Udana-Peoples Bank
4021,5,Yes,Yes,Sisu Udana-Peoples Bank
2324,1,Yes,Yes,Sisu Udana-Peoples Bank
2103,9,Yes,Yes,Sisu Udana-Peoples Bank
803,11,Yes,Yes,Sisu Udana-Peoples Bank
2993,2,Yes,Yes,Sisu Udana-Peoples Bank
2925,14,Yes,Yes,Sisu Udana-Peoples Bank
1904,4,Yes,Yes,Sisu Udana-Peoples Bank
485,13,Yes,Yes,Sisu Udana-Peoples Bank
1087,2,Yes,Yes,Sisu Udana-Peoples Bank
1757,9,Yes,Yes,Sisu Udana-Peoples Bank
731,11,Yes,Yes,Sisu Udana-Peoples Bank
3106,7,Yes,Yes,Sisu Udana-Peoples Bank
2840,2,Yes,Yes,Sisu Udana-Peoples Bank
1729,1,Yes,Yes,Sisu Udana-Peoples Bank
2981,12,Yes,Yes,Sisu Udana-Peoples Bank
4418,9,Yes,Yes,Sisu Udana-Peoples Bank
2293,18,Yes,Yes,Sisu Udana-Peoples Bank
2097,1,Yes,Yes,Sisu Udana-Peoples Bank
2098,5,Yes,Yes,Sisu Udana-Peoples Bank
3160,4,Yes,Yes,Sisu Udana-Peoples Bank
2776,9,Yes,Yes,Sisu Udana-Peoples Bank
3467,6,Yes,Yes,Sisu Udana-Peoples Bank
2641,14,Yes,Yes,Sisu Udana-Peoples Bank
3639,18,Yes,Yes,Sisu Udana-Peoples Bank
4939,3,Yes,Yes,Sisu Udana-Peoples Bank
4733,14,Yes,Yes,Sisu Udana-Peoples Bank
4391,2,Yes,Yes,Sisu Udana-Peoples Bank
4461,7,Yes,Yes,Sisu Udana-Peoples Bank
3631,5,Yes,Yes,Sisu Udana-Peoples Bank
2222,9,Yes,Yes,Sisu Udana-Peoples Bank
1196,12,Yes,Yes,Sisu Udana-Peoples Bank
2761,18,Yes,Yes,Sisu Udana-Peoples Bank
3073,1,Yes,Yes,Sisu Udana-Peoples Bank
2595,16,Yes,Yes,Sisu Udana-Peoples Bank
996,6,Yes,Yes,Sisu Udana-Peoples Bank
1199,15,Yes,Yes,Sisu Udana-Peoples Bank
4413,6,Yes,Yes,Sisu Udana-Peoples Bank
4269,16,Yes,Yes,Sisu Udana-Peoples Bank
1254,5,Yes,Yes,Sisu Udana-Peoples Bank
2623,13,Yes,Yes,Sisu Udana-Peoples Bank
3989,3,Yes,Yes,Sisu Udana-Peoples Bank
2538,11,Yes,Yes,Sisu Udana-Peoples Bank
1109,13,Yes,Yes,Sisu Udana-Peoples Bank
2254,1,Yes,Yes,Sisu Udana-Peoples Bank
4216,13,Yes,Yes,Sisu Udana-Peoples Bank
205,15,Yes,Yes,Sisu Udana-Peoples Bank
1428,14,Yes,Yes,Sisu Udana-Peoples Bank
4393,5,Yes,Yes,Sisu Udana-Peoples Bank
2822,15,Yes,Yes,Sisu Udana-Peoples Bank
552,13,Yes,Yes,Sisu Udana-Peoples Bank
4892,1,Yes,Yes,Sisu Udana-Peoples Bank
1756,10,Yes,Yes,Sisu Udana-Peoples Bank
1968,4,Yes,Yes,Sisu Udana-Peoples Bank
2672,3,Yes,Yes,Sisu Udana-Peoples Bank
2862,17,Yes,Yes,Sisu Udana-Peoples Bank
552,13,Yes,Yes,Sisu Udana-Peoples Bank
3754,16,Yes,Yes,Sisu Udana-Peoples Bank
4188,2,Yes,Yes,Sisu Udana-Peoples Bank
3221,11,Yes,Yes,Sisu Udana-Peoples Bank
2351,2,Yes,Yes,Sisu Udana-Peoples Bank
3241,13,Yes,Yes,Sisu Udana-Peoples Bank
3980,10,Yes,Yes,Sisu Udana-Peoples Bank
4004,6,Yes,Yes,Sisu Udana-Peoples Bank
4378,14,Yes,Yes,Sisu Udana-Peoples Bank
3690,5,Yes,Yes,Sisu Udana-Peoples Bank
4759,5,Yes,Yes,Sisu Udana-Peoples Bank
4622,4,Yes,Yes,Sisu Udana-Peoples Bank
2010,18,Yes,Yes,Sisu Udana-Peoples Bank
857,8,Yes,Yes,Sisu Udana-Peoples Bank
591,14,Yes,Yes,Sisu Udana-Peoples Bank
3143,5,Yes,Yes,Sisu Udana-Peoples Bank
836,4,Yes,Yes,Sisu Udana-Peoples Bank
4812,9,Yes,Yes,Sisu Udana-Peoples Bank
955,17,Yes,Yes,Sisu Udana-Peoples Bank
4469,12,Yes,Yes,Sisu Udana-Peoples Bank
3915,18,Yes,Yes,Sisu Udana-Peoples Bank
1032,18,Yes,Yes,Sisu Udana-Peoples Bank
1797,2,Yes,Yes,Sisu Udana-Peoples Bank
3509,6,Yes,Yes,Sisu Udana-Peoples Bank
2654,12,Yes,Yes,Sisu Udana-Peoples Bank
3909,4,Yes,Yes,Sisu Udana-Peoples Bank
1266,11,Yes,Yes,Sisu Udana-Peoples Bank
3608,10,Yes,Yes,Sisu Udana-Peoples Bank
1407,4,Yes,Yes,Sisu Udana-Peoples Bank
3871,16,Yes,Yes,Sisu Udana-Peoples Bank
3246,11,Yes,Yes,Sisu Udana-Peoples Bank
3575,14,Yes,Yes,Sisu Udana-Peoples Bank
3806,14,Yes,Yes,Sisu Udana-Peoples Bank
2250,1,Yes,Yes,Sisu Udana-Peoples Bank
2825,14,Yes,Yes,Sisu Udana-Peoples Bank
395,4,Yes,Yes,Sisu Udana-Peoples Bank
4747,11,Yes,Yes,Sisu Udana-Peoples Bank
2254,13,Yes,Yes,Sisu Udana-Peoples Bank
489,6,Yes,Yes,Sisu Udana-Peoples Bank
3322,1,Yes,Yes,Sisu Udana-Peoples Bank
2155,7,Yes,Yes,Sisu Udana-Peoples Bank
1215,13,Yes,Yes,Sisu Udana-Peoples Bank
1483,13,Yes,Yes,Sisu Udana-Peoples Bank
2687,12,Yes,Yes,Sisu Udana-Peoples Bank
3177,11,Yes,Yes,Sisu Udana-Peoples Bank
4643,2,Yes,Yes,Sisu Udana-Peoples Bank
1226,6,Yes,Yes,Sisu Udana-Peoples Bank
2083,3,Yes,Yes,Sisu Udana-Peoples Bank
199,6,Yes,Yes,Sisu Udana-Peoples Bank
542,15,Yes,Yes,Sisu Udana-Peoples Bank
1112,9,Yes,Yes,Sisu Udana-Peoples Bank
4147,6,Yes,Yes,Sisu Udana-Peoples Bank
3951,14,Yes,Yes,Sisu Udana-Peoples Bank
3264,6,Yes,Yes,Sisu Udana-Peoples Bank
993,1,Yes,Yes,Sisu Udana-Peoples Bank
3689,12,Yes,Yes,Sisu Udana-Peoples Bank
2508,15,Yes,Yes,Sisu Udana-Peoples Bank
4602,18,Yes,Yes,Sisu Udana-Peoples Bank
4987,3,Yes,Yes,Sisu Udana-Peoples Bank
2285,17,Yes,Yes,Sisu Udana-Peoples Bank
1011,11,No,Yes,Arunalu-Commercial Bank
4410,2,No,Yes,Arunalu-Commercial Bank
3612,15,No,Yes,Arunalu-Commercial Bank
1620,10,No,Yes,Arunalu-Commercial Bank
926,15,No,Yes,Arunalu-Commercial Bank
603,2,No,Yes,Arunalu-Commercial Bank
3845,11,No,Yes,Arunalu-Commercial Bank
132,17,No,Yes,Arunalu-Commercial Bank
3455,16,No,Yes,Arunalu-Commercial Bank
2368,6,No,Yes,Arunalu-Commercial Bank
1232,14,No,Yes,Arunalu-Commercial Bank
4115,2,No,Yes,Arunalu-Commercial Bank
2664,12,No,Yes,Arunalu-Commercial Bank
673,10,No,Yes,Arunalu-Commercial Bank
1437,18,No,Yes,Arunalu-Commercial Bank
3797,3,No,Yes,Arunalu-Commercial Bank
3188,6,No,Yes,Arunalu-Commercial Bank
706,8,No,Yes,Arunalu-Commercial Bank
588,7,No,Yes,Arunalu-Commercial Bank
3666,10,No,Yes,Arunalu-Commercial Bank
2763,14,No,Yes,Arunalu-Commercial Bank
3501,14,No,Yes,Arunalu-Commercial Bank
1208,17,No,Yes,Arunalu-Commercial Bank
1332,13,No,Yes,Arunalu-Commercial Bank
3583,3,No,Yes,Arunalu-Commercial Bank
693,4,No,Yes,Arunalu-Commercial Bank
107,17,No,Yes,Arunalu-Commercial Bank
2493,17,No,Yes,Arunalu-Commercial Bank
4575,5,No,Yes,Arunalu-Commercial Bank
2014,4,No,Yes,Arunalu-Commercial Bank
4169,14,No,Yes,Arunalu-Commercial Bank
3902,6,No,Yes,Arunalu-Commercial Bank
255,2,No,Yes,Arunalu-Commercial Bank
1734,11,No,Yes,Arunalu-Commercial Bank
1992,9,No,Yes,Arunalu-Commercial Bank
2167,18,No,Yes,Arunalu-Commercial Bank
3919,17,No,Yes,Arunalu-Commercial Bank
2259,18,No,Yes,Arunalu-Commercial Bank
3962,9,No,Yes,Arunalu-Commercial Bank
3510,11,No,Yes,Arunalu-Commercial Bank
550,6,No,Yes,Arunalu-Commercial Bank
4104,15,No,Yes,Arunalu-Commercial Bank
4403,12,No,Yes,Arunalu-Commercial Bank
118,13,No,Yes,Arunalu-Commercial Bank
2535,15,No,Yes,Arunalu-Commercial Bank
2902,2,No,Yes,Arunalu-Commercial Bank
3310,18,No,Yes,Arunalu-Commercial Bank
2363,10,No,Yes,Arunalu-Commercial Bank
4938,13,No,Yes,Arunalu-Commercial Bank
667,18,No,Yes,Arunalu-Commercial Bank
4186,16,No,Yes,Arunalu-Commercial Bank
1724,10,No,Yes,Arunalu-Commercial Bank
4012,15,No,Yes,Arunalu-Commercial Bank
1559,12,No,Yes,Arunalu-Commercial Bank
485,16,No,Yes,Arunalu-Commercial Bank
4985,6,No,Yes,Arunalu-Commercial Bank
3364,8,No,Yes,Arunalu-Commercial Bank
4697,8,No,Yes,Arunalu-Commercial Bank
4482,17,No,Yes,Arunalu-Commercial Bank
3569,11,No,Yes,Arunalu-Commercial Bank
4976,3,No,Yes,Arunalu-Commercial Bank
1548,12,No,Yes,Arunalu-Commercial Bank
4851,6,No,Yes,Arunalu-Commercial Bank
608,13,No,Yes,Arunalu-Commercial Bank
3962,7,No,Yes,Arunalu-Commercial Bank
4533,5,No,Yes,Arunalu-Commercial Bank
344,16,No,Yes,Arunalu-Commercial Bank
1780,10,No,Yes,Arunalu-Commercial Bank
1944,6,No,Yes,Arunalu-Commercial Bank
1102,10,No,Yes,Arunalu-Commercial Bank
2983,16,No,Yes,Arunalu-Commercial Bank
2336,17,No,Yes,Arunalu-Commercial Bank
1995,1,No,Yes,Arunalu-Commercial Bank
2802,15,No,Yes,Arunalu-Commercial Bank
1694,1,No,Yes,Arunalu-Commercial Bank
1176,15,No,Yes,Arunalu-Commercial Bank
4407,15,No,Yes,Arunalu-Commercial Bank
544,4,No,Yes,Arunalu-Commercial Bank
2357,3,No,Yes,Arunalu-Commercial Bank
905,17,No,Yes,Arunalu-Commercial Bank
4348,8,No,Yes,Arunalu-Commercial Bank
3007,16,No,Yes,Arunalu-Commercial Bank
362,15,No,Yes,Arunalu-Commercial Bank
2856,11,No,Yes,Arunalu-Commercial Bank
550,10,No,Yes,Arunalu-Commercial Bank
2905,14,No,Yes,Arunalu-Commercial Bank
2072,9,No,Yes,Arunalu-Commercial Bank
481,6,No,Yes,Arunalu-Commercial Bank
1353,5,No,Yes,Arunalu-Commercial Bank
725,6,No,Yes,Arunalu-Commercial Bank
839,6,No,Yes,Arunalu-Commercial Bank
2026,11,No,Yes,Arunalu-Commercial Bank
4919,14,No,Yes,Arunalu-Commercial Bank
1534,17,No,Yes,Arunalu-Commercial Bank
987,4,No,Yes,Arunalu-Commercial Bank
2216,5,No,Yes,Arunalu-Commercial Bank
4768,4,No,Yes,Arunalu-Commercial Bank
4076,11,No,Yes,Arunalu-Commercial Bank
775,17,No,Yes,Arunalu-Commercial Bank
4258,16,No,Yes,Arunalu-Commercial Bank
118,11,No,Yes,Arunalu-Commercial Bank
952,4,No,Yes,Arunalu-Commercial Bank
3104,14,No,Yes,Arunalu-Commercial Bank
688,17,No,Yes,Arunalu-Commercial Bank
4188,3,No,Yes,Arunalu-Commercial Bank
4317,1,No,Yes,Arunalu-Commercial Bank
4097,9,No,Yes,Arunalu-Commercial Bank
4291,8,No,Yes,Arunalu-Commercial Bank
4117,8,No,Yes,Arunalu-Commercial Bank
3406,9,No,Yes,Arunalu-Commercial Bank
4581,12,No,Yes,Arunalu-Commercial Bank
1293,2,No,Yes,Arunalu-Commercial Bank
1944,3,No,Yes,Arunalu-Commercial Bank
4642,15,No,Yes,Arunalu-Commercial Bank
4385,12,No,Yes,Arunalu-Commercial Bank
2420,8,No,Yes,Arunalu-Commercial Bank
4663,18,No,Yes,Arunalu-Commercial Bank
3734,3,No,Yes,Arunalu-Commercial Bank
2162,12,No,Yes,Arunalu-Commercial Bank
1268,15,No,Yes,Arunalu-Commercial Bank
3695,1,No,Yes,Arunalu-Commercial Bank
2590,7,No,Yes,Arunalu-Commercial Bank
3422,8,No,Yes,Arunalu-Commercial Bank
1403,8,No,Yes,Arunalu-Commercial Bank
847,6,No,Yes,Arunalu-Commercial Bank
4839,18,No,Yes,Arunalu-Commercial Bank
4661,2,No,Yes,Arunalu-Commercial Bank
1552,15,No,Yes,Arunalu-Commercial Bank
1914,9,No,Yes,Arunalu-Commercial Bank
2758,4,No,Yes,Arunalu-Commercial Bank
2967,8,No,Yes,Arunalu-Commercial Bank
3104,8,No,Yes,Arunalu-Commercial Bank
3350,14,No,Yes,Arunalu-Commercial Bank
3841,13,No,Yes,Arunalu-Commercial Bank
462,9,No,Yes,Arunalu-Commercial Bank
1568,3,No,Yes,Arunalu-Commercial Bank
1598,12,No,Yes,Arunalu-Commercial Bank
3873,14,No,Yes,Arunalu-Commercial Bank
3555,5,No,Yes,Arunalu-Commercial Bank
761,1,No,Yes,Arunalu-Commercial Bank
1772,13,No,Yes,Arunalu-Commercial Bank
3392,6,No,Yes,Arunalu-Commercial Bank
1646,16,No,Yes,Arunalu-Commercial Bank
3988,6,No,Yes,Arunalu-Commercial Bank
2922,13,No,Yes,Arunalu-Commercial Bank
1425,4,No,Yes,Arunalu-Commercial Bank
898,12,No,Yes,Arunalu-Commercial Bank
2504,9,No,Yes,Arunalu-Commercial Bank
2080,17,No,Yes,Arunalu-Commercial Bank
518,12,No,Yes,Arunalu-Commercial Bank
4875,10,No,Yes,Arunalu-Commercial Bank
2178,4,No,Yes,Arunalu-Commercial Bank
2301,14,No,Yes,Arunalu-Commercial Bank
2735,11,No,Yes,Arunalu-Commercial Bank
3843,9,No,Yes,Arunalu-Commercial Bank
2977,3,No,Yes,Arunalu-Commercial Bank
1298,7,No,Yes,Arunalu-Commercial Bank
3288,13,No,Yes,Arunalu-Commercial Bank
486,10,No,Yes,Arunalu-Commercial Bank
4773,12,No,Yes,Arunalu-Commercial Bank
1265,9,No,Yes,Arunalu-Commercial Bank
2886,5,No,Yes,Arunalu-Commercial Bank
965,13,No,Yes,Arunalu-Commercial Bank
502,10,No,Yes,Arunalu-Commercial Bank
1371,11,No,Yes,Arunalu-Commercial Bank
2165,16,No,Yes,Arunalu-Commercial Bank
3151,5,No,Yes,Arunalu-Commercial Bank
4862,17,No,Yes,Arunalu-Commercial Bank
2311,17,No,Yes,Arunalu-Commercial Bank
1292,13,No,Yes,Arunalu-Commercial Bank
532,17,No,Yes,Arunalu-Commercial Bank
3509,14,No,Yes,Arunalu-Commercial Bank
1346,3,No,Yes,Arunalu-Commercial Bank
731,8,No,Yes,Arunalu-Commercial Bank
3365,15,No,Yes,Arunalu-Commercial Bank
3274,2,No,Yes,Arunalu-Commercial Bank
1986,18,No,Yes,Arunalu-Commercial Bank
3152,5,No,Yes,Arunalu-Commercial Bank
386,10,No,Yes,Arunalu-Commercial Bank
3507,8,No,Yes,Arunalu-Commercial Bank
4052,15,No,Yes,Arunalu-Commercial Bank
361,8,No,Yes,Arunalu-Commercial Bank
4193,5,No,Yes,Arunalu-Commercial Bank
363,4,No,Yes,Arunalu-Commercial Bank
4719,12,No,Yes,Arunalu-Commercial Bank
2928,1,No,Yes,Arunalu-Commercial Bank
4064,7,No,Yes,Arunalu-Commercial Bank
4500,2,No,Yes,Arunalu-Commercial Bank
844,9,No,Yes,Arunalu-Commercial Bank
1497,13,No,Yes,Arunalu-Commercial Bank
1401,1,No,Yes,Arunalu-Commercial Bank
4318,4,No,Yes,Arunalu-Commercial Bank
3489,11,No,Yes,Arunalu-Commercial Bank
3014,8,No,Yes,Arunalu-Commercial Bank
4306,15,No,Yes,Arunalu-Commercial Bank
536,4,No,Yes,Arunalu-Commercial Bank
412,8,No,Yes,Arunalu-Commercial Bank
3046,6,No,Yes,Arunalu-Commercial Bank
587,11,No,Yes,Arunalu-Commercial Bank
679,2,No,Yes,Arunalu-Commercial Bank
3485,17,No,Yes,Arunalu-Commercial Bank
2901,15,No,Yes,Arunalu-Commercial Bank
4119,12,No,Yes,Arunalu-Commercial Bank
2889,5,No,Yes,Arunalu-Commercial Bank
1305,1,No,Yes,Arunalu-Commercial Bank
371,5,No,Yes,Arunalu-Commercial Bank
1604,12,No,Yes,Arunalu-Commercial Bank
357,14,No,Yes,Arunalu-Commercial Bank
4589,10,No,Yes,Arunalu-Commercial Bank
910,3,No,Yes,Arunalu-Commercial Bank
3715,1,No,Yes,Arunalu-Commercial Bank
144,11,No,Yes,Arunalu-Commercial Bank
1050,16,No,Yes,Arunalu-Commercial Bank
1815,7,No,Yes,Arunalu-Commercial Bank
4325,2,No,Yes,Arunalu-Commercial Bank
3746,15,No,Yes,Arunalu-Commercial Bank
804,11,No,Yes,Arunalu-Commercial Bank
1485,18,No,Yes,Arunalu-Commercial Bank
1230,8,No,Yes,Arunalu-Commercial Bank
3718,5,No,Yes,Arunalu-Commercial Bank
2970,10,No,Yes,Arunalu-Commercial Bank
1918,9,No,Yes,Arunalu-Commercial Bank
2850,3,No,Yes,Arunalu-Commercial Bank
3951,8,No,Yes,Arunalu-Commercial Bank
4941,12,No,Yes,Arunalu-Commercial Bank
3477,5,No,Yes,Arunalu-Commercial Bank
4812,5,No,Yes,Arunalu-Commercial Bank
1896,12,No,Yes,Arunalu-Commercial Bank
492,8,No,Yes,Arunalu-Commercial Bank
3301,13,No,Yes,Arunalu-Commercial Bank
3519,10,No,Yes,Arunalu-Commercial Bank
3363,14,No,Yes,Arunalu-Commercial Bank
1590,8,No,Yes,Arunalu-Commercial Bank
4289,8,No,Yes,Arunalu-Commercial Bank
2873,16,No,Yes,Arunalu-Commercial Bank
2550,8,No,Yes,Arunalu-Commercial Bank
3070,13,No,Yes,Arunalu-Commercial Bank
1093,8,No,Yes,Arunalu-Commercial Bank
132,12,No,Yes,Arunalu-Commercial Bank
4056,16,No,Yes,Arunalu-Commercial Bank
4966,13,No,Yes,Arunalu-Commercial Bank
238,10,No,Yes,Arunalu-Commercial Bank
1777,5,No,Yes,Arunalu-Commercial Bank
642,8,No,Yes,Arunalu-Commercial Bank
878,4,No,Yes,Arunalu-Commercial Bank
2182,12,No,Yes,Arunalu-Commercial Bank
1452,13,No,Yes,Arunalu-Commercial Bank
1347,5,No,Yes,Arunalu-Commercial Bank
2360,17,No,Yes,Arunalu-Commercial Bank
455,16,No,Yes,Arunalu-Commercial Bank
394,8,No,Yes,Arunalu-Commercial Bank
1991,7,No,Yes,Arunalu-Commercial Bank
3907,1,No,Yes,Arunalu-Commercial Bank
1588,1,No,Yes,Arunalu-Commercial Bank
2582,1,No,Yes,Arunalu-Commercial Bank
1451,1,No,Yes,Arunalu-Commercial Bank
4018,12,No,Yes,Arunalu-Commercial Bank
4199,2,No,Yes,Arunalu-Commercial Bank
2757,12,No,Yes,Arunalu-Commercial Bank
1956,13,No,Yes,Arunalu-Commercial Bank
651,2,No,Yes,Arunalu-Commercial Bank
608,17,No,Yes,Arunalu-Commercial Bank
3056,2,No,Yes,Arunalu-Commercial Bank
4596,14,No,Yes,Arunalu-Commercial Bank
4762,15,No,Yes,Arunalu-Commercial Bank
542,17,No,Yes,Arunalu-Commercial Bank
1934,1,No,Yes,Arunalu-Commercial Bank
1948,17,No,Yes,Arunalu-Commercial Bank
1068,14,No,Yes,Arunalu-Commercial Bank
746,2,No,Yes,Arunalu-Commercial Bank
3991,3,No,Yes,Arunalu-Commercial Bank
3617,6,No,Yes,Arunalu-Commercial Bank
2090,7,No,Yes,Arunalu-Commercial Bank
4901,1,No,Yes,Arunalu-Commercial Bank
1889,10,No,Yes,Arunalu-Commercial Bank
3018,9,No,Yes,Arunalu-Commercial Bank
2251,4,No,Yes,Arunalu-Commercial Bank
1577,12,No,Yes,Arunalu-Commercial Bank
4976,17,No,Yes,Arunalu-Commercial Bank
2470,14,No,Yes,Arunalu-Commercial Bank
730,15,No,Yes,Arunalu-Commercial Bank
2192,16,No,Yes,Arunalu-Commercial Bank
3905,10,No,Yes,Arunalu-Commercial Bank
1525,9,No,Yes,Arunalu-Commercial Bank
311,14,No,Yes,Arunalu-Commercial Bank
4440,2,No,Yes,Arunalu-Commercial Bank
1297,4,No,Yes,Arunalu-Commercial Bank
4253,5,No,Yes,Arunalu-Commercial Bank
4613,13,No,Yes,Arunalu-Commercial Bank
4860,6,No,Yes,Arunalu-Commercial Bank
3826,11,No,Yes,Arunalu-Commercial Bank
4583,9,No,Yes,Arunalu-Commercial Bank
2357,4,No,Yes,Arunalu-Commercial Bank
910,12,No,Yes,Arunalu-Commercial Bank
243,10,No,Yes,Arunalu-Commercial Bank
3875,8,No,Yes,Arunalu-Commercial Bank
2538,18,No,Yes,Arunalu-Commercial Bank
1723,13,No,Yes,Arunalu-Commercial Bank
3358,16,No,Yes,Arunalu-Commercial Bank
3999,9,No,Yes,Arunalu-Commercial Bank
3667,8,No,Yes,Arunalu-Commercial Bank
4220,7,No,Yes,Arunalu-Commercial Bank
1849,17,No,Yes,Arunalu-Commercial Bank
3211,14,No,Yes,Arunalu-Commercial Bank
4674,6,No,Yes,Arunalu-Commercial Bank
3799,17,No,Yes,Arunalu-Commercial Bank
4827,8,No,Yes,Arunalu-Commercial Bank
3283,14,No,Yes,Arunalu-Commercial Bank
1327,4,No,Yes,Arunalu-Commercial Bank
2816,14,No,Yes,Arunalu-Commercial Bank
1384,11,No,Yes,Arunalu-Commercial Bank
4936,16,No,Yes,Arunalu-Commercial Bank
3160,17,No,Yes,Arunalu-Commercial Bank
2895,13,No,Yes,Arunalu-Commercial Bank
4606,5,No,Yes,Arunalu-Commercial Bank
2012,5,No,Yes,Arunalu-Commercial Bank
362,10,No,Yes,Arunalu-Commercial Bank
599,5,No,Yes,Arunalu-Commercial Bank
2199,11,No,Yes,Arunalu-Commercial Bank
3234,1,No,Yes,Arunalu-Commercial Bank
152,13,No,Yes,Arunalu-Commercial Bank
2447,12,No,Yes,Arunalu-Commercial Bank
675,12,No,Yes,Arunalu-Commercial Bank
454,1,No,Yes,Arunalu-Commercial Bank
107,14,No,Yes,Arunalu-Commercial Bank
407,3,No,Yes,Arunalu-Commercial Bank
4876,10,No,Yes,Arunalu-Commercial Bank
3880,14,No,Yes,Arunalu-Commercial Bank
3179,4,No,Yes,Arunalu-Commercial Bank
1962,1,No,Yes,Arunalu-Commercial Bank
4481,4,No,Yes,Arunalu-Commercial Bank
993,10,No,Yes,Arunalu-Commercial Bank
1057,14,No,Yes,Arunalu-Commercial Bank
4507,14,No,Yes,Arunalu-Commercial Bank
2953,18,No,Yes,Arunalu-Commercial Bank
353,15,No,Yes,Arunalu-Commercial Bank
2276,13,No,Yes,Arunalu-Commercial Bank
4839,17,No,Yes,Arunalu-Commercial Bank
4645,7,No,Yes,Arunalu-Commercial Bank
1148,1,No,Yes,Arunalu-Commercial Bank
442,14,No,Yes,Arunalu-Commercial Bank
3920,14,No,Yes,Arunalu-Commercial Bank
2400,14,No,Yes,Arunalu-Commercial Bank
2290,7,No,Yes,Arunalu-Commercial Bank
1929,14,No,Yes,Arunalu-Commercial Bank
2391,1,No,Yes,Arunalu-Commercial Bank
2226,7,No,Yes,Arunalu-Commercial Bank
2745,2,No,Yes,Arunalu-Commercial Bank
618,12,No,Yes,Arunalu-Commercial Bank
2067,14,No,Yes,Arunalu-Commercial Bank
2591,6,No,Yes,Arunalu-Commercial Bank
1368,6,No,Yes,Arunalu-Commercial Bank
2762,2,No,Yes,Arunalu-Commercial Bank
4168,9,No,Yes,Arunalu-Commercial Bank
1399,15,No,Yes,Arunalu-Commercial Bank
3337,5,No,Yes,Arunalu-Commercial Bank
990,7,No,Yes,Arunalu-Commercial Bank
3950,15,No,Yes,Arunalu-Commercial Bank
161,5,No,Yes,Arunalu-Commercial Bank
2866,4,No,Yes,Arunalu-Commercial Bank
2084,6,No,Yes,Arunalu-Commercial Bank
4835,8,No,Yes,Arunalu-Commercial Bank
4916,1,No,Yes,Arunalu-Commercial Bank
590,12,No,Yes,Arunalu-Commercial Bank
1189,11,No,Yes,Arunalu-Commercial Bank
2687,9,No,Yes,Arunalu-Commercial Bank
4828,17,No,Yes,Arunalu-Commercial Bank
3361,5,No,Yes,Arunalu-Commercial Bank
2082,10,No,Yes,Arunalu-Commercial Bank
2290,16,No,Yes,Arunalu-Commercial Bank
2221,11,No,Yes,Arunalu-Commercial Bank
2978,16,No,Yes,Arunalu-Commercial Bank
3125,11,No,Yes,Arunalu-Commercial Bank
2714,8,No,Yes,Arunalu-Commercial Bank
1184,4,No,Yes,Arunalu-Commercial Bank
2166,17,No,Yes,Arunalu-Commercial Bank
950,12,No,Yes,Arunalu-Commercial Bank
986,12,No,Yes,Arunalu-Commercial Bank
1500,18,No,Yes,Arunalu-Commercial Bank
2841,17,No,Yes,Arunalu-Commercial Bank
232,14,No,Yes,Arunalu-Commercial Bank
4248,14,No,Yes,Arunalu-Commercial Bank
4076,13,No,Yes,Arunalu-Commercial Bank
3594,7,No,Yes,Arunalu-Commercial Bank
4827,16,No,Yes,Arunalu-Commercial Bank
2308,6,No,Yes,Arunalu-Commercial Bank
1493,9,No,Yes,Arunalu-Commercial Bank
4720,6,No,Yes,Arunalu-Commercial Bank
3950,15,No,Yes,Arunalu-Commercial Bank
219,14,No,Yes,Arunalu-Commercial Bank
1185,10,No,Yes,Arunalu-Commercial Bank
640,11,No,Yes,Arunalu-Commercial Bank
570,3,No,Yes,Arunalu-Commercial Bank
2955,4,No,Yes,Arunalu-Commercial Bank
4931,14,No,Yes,Arunalu-Commercial Bank
1561,5,No,Yes,Arunalu-Commercial Bank
1686,4,No,Yes,Arunalu-Commercial Bank
2619,7,No,Yes,Arunalu-Commercial Bank
2944,3,No,Yes,Arunalu-Commercial Bank
3782,13,No,Yes,Arunalu-Commercial Bank
3787,8,No,Yes,Arunalu-Commercial Bank
3798,8,No,Yes,Arunalu-Commercial Bank
613,18,No,Yes,Arunalu-Commercial Bank
601,16,No,Yes,Arunalu-Commercial Bank
1582,2,No,Yes,Arunalu-Commercial Bank
4304,6,No,Yes,Arunalu-Commercial Bank
1409,1,No,Yes,Arunalu-Commercial Bank
2606,18,No,Yes,Arunalu-Commercial Bank
2020,12,No,Yes,Arunalu-Commercial Bank
1863,4,No,Yes,Arunalu-Commercial Bank
1979,9,No,Yes,Arunalu-Commercial Bank
2770,13,No,Yes,Arunalu-Commercial Bank
3032,3,No,Yes,Arunalu-Commercial Bank
4492,16,No,Yes,Arunalu-Commercial Bank
4564,7,No,Yes,Arunalu-Commercial Bank
3538,16,No,Yes,Arunalu-Commercial Bank
2296,6,No,Yes,Arunalu-Commercial Bank
507,2,No,Yes,Arunalu-Commercial Bank
3058,10,No,Yes,Arunalu-Commercial Bank
2764,15,No,Yes,Arunalu-Commercial Bank
3456,5,No,Yes,Arunalu-Commercial Bank
2554,18,No,Yes,Arunalu-Commercial Bank
945,7,No,Yes,Arunalu-Commercial Bank
2605,16,No,Yes,Arunalu-Commercial Bank
2893,5,No,Yes,Arunalu-Commercial Bank
2522,2,No,Yes,Arunalu-Commercial Bank
3320,6,No,Yes,Arunalu-Commercial Bank
4383,17,No,Yes,Arunalu-Commercial Bank
4074,13,No,Yes,Arunalu-Commercial Bank
2221,16,No,Yes,Arunalu-Commercial Bank
4014,8,No,Yes,Arunalu-Commercial Bank
4186,6,No,Yes,Arunalu-Commercial Bank
2360,8,No,Yes,Arunalu-Commercial Bank
2513,15,No,Yes,Arunalu-Commercial Bank
656,17,No,Yes,Arunalu-Commercial Bank
4077,1,No,Yes,Arunalu-Commercial Bank
1116,8,No,Yes,Arunalu-Commercial Bank
4107,6,No,Yes,Arunalu-Commercial Bank
3456,16,No,Yes,Arunalu-Commercial Bank
1853,13,No,Yes,Arunalu-Commercial Bank
3822,11,No,Yes,Arunalu-Commercial Bank
2283,11,No,Yes,Arunalu-Commercial Bank
345,2,No,Yes,Arunalu-Commercial Bank
4128,3,No,Yes,Arunalu-Commercial Bank
1400,10,No,Yes,Arunalu-Commercial Bank
2597,15,No,Yes,Arunalu-Commercial Bank
186,10,No,Yes,Arunalu-Commercial Bank
143,1,No,Yes,Arunalu-Commercial Bank
675,2,No,Yes,Arunalu-Commercial Bank
2137,13,No,Yes,Arunalu-Commercial Bank
4935,13,No,Yes,Arunalu-Commercial Bank
3184,10,No,Yes,Arunalu-Commercial Bank
4242,13,No,Yes,Arunalu-Commercial Bank
739,12,No,Yes,Arunalu-Commercial Bank
4065,1,No,Yes,Arunalu-Commercial Bank
1363,16,No,Yes,Arunalu-Commercial Bank
4471,6,No,Yes,Arunalu-Commercial Bank
1866,9,No,Yes,Arunalu-Commercial Bank
3573,17,No,Yes,Arunalu-Commercial Bank
4515,17,No,Yes,Arunalu-Commercial Bank
4031,8,No,Yes,Arunalu-Commercial Bank
4007,1,No,Yes,Arunalu-Commercial Bank
833,9,No,No,Pubudu-Sampath Bank
3394,1,No,No,Pubudu-Sampath Bank
4787,9,No,No,Pubudu-Sampath Bank
813,2,No,No,Pubudu-Sampath Bank
1031,14,No,No,Pubudu-Sampath Bank
981,8,No,No,Pubudu-Sampath Bank
1711,14,No,No,Pubudu-Sampath Bank
3072,18,No,No,Pubudu-Sampath Bank
4873,5,No,No,Pubudu-Sampath Bank
4811,13,No,No,Pubudu-Sampath Bank
4471,6,No,No,Pubudu-Sampath Bank
2506,13,No,No,Pubudu-Sampath Bank
2914,9,No,No,Pubudu-Sampath Bank
4755,12,No,No,Pubudu-Sampath Bank
1890,10,No,No,Pubudu-Sampath Bank
4344,14,No,No,Pubudu-Sampath Bank
4008,13,No,No,Pubudu-Sampath Bank
2361,16,No,No,Pubudu-Sampath Bank
2697,15,No,No,Pubudu-Sampath Bank
3895,13,No,No,Pubudu-Sampath Bank
779,18,No,No,Pubudu-Sampath Bank
1510,7,No,No,Pubudu-Sampath Bank
2059,7,No,No,Pubudu-Sampath Bank
3054,3,No,No,Pubudu-Sampath Bank
2788,6,No,No,Pubudu-Sampath Bank
2527,3,No,No,Pubudu-Sampath Bank
2353,4,No,No,Pubudu-Sampath Bank
1071,4,No,No,Pubudu-Sampath Bank
4114,9,No,No,Pubudu-Sampath Bank
2314,4,No,No,Pubudu-Sampath Bank
4658,11,No,No,Pubudu-Sampath Bank
1135,14,No,No,Pubudu-Sampath Bank
766,8,No,No,Pubudu-Sampath Bank
2543,11,No,No,Pubudu-Sampath Bank
827,6,No,No,Pubudu-Sampath Bank
1623,2,No,No,Pubudu-Sampath Bank
3155,9,No,No,Pubudu-Sampath Bank
3861,18,No,No,Pubudu-Sampath Bank
559,18,No,No,Pubudu-Sampath Bank
3532,1,No,No,Pubudu-Sampath Bank
4676,12,No,No,Pubudu-Sampath Bank
3330,4,No,No,Pubudu-Sampath Bank
1867,16,No,No,Pubudu-Sampath Bank
3079,17,No,No,Pubudu-Sampath Bank
3285,7,No,No,Pubudu-Sampath Bank
4956,13,No,No,Pubudu-Sampath Bank
3666,1,No,No,Pubudu-Sampath Bank
1686,4,No,No,Pubudu-Sampath Bank
3212,13,No,No,Pubudu-Sampath Bank
2309,10,No,No,Pubudu-Sampath Bank
2398,7,No,No,Pubudu-Sampath Bank
1506,18,No,No,Pubudu-Sampath Bank
4153,7,No,No,Pubudu-Sampath Bank
4130,13,No,No,Pubudu-Sampath Bank
2941,16,No,No,Pubudu-Sampath Bank
1955,6,No,No,Pubudu-Sampath Bank
1691,14,No,No,Pubudu-Sampath Bank
3588,14,No,No,Pubudu-Sampath Bank
4036,1,No,No,Pubudu-Sampath Bank
2589,5,No,No,Pubudu-Sampath Bank
2598,12,No,No,Pubudu-Sampath Bank
2260,3,No,No,Pubudu-Sampath Bank
3060,8,No,No,Pubudu-Sampath Bank
2952,13,No,No,Pubudu-Sampath Bank
3136,6,No,No,Pubudu-Sampath Bank
2851,1,No,No,Pubudu-Sampath Bank
2181,10,No,No,Pubudu-Sampath Bank
4525,4,No,No,Pubudu-Sampath Bank
4038,13,No,No,Pubudu-Sampath Bank
3203,13,No,No,Pubudu-Sampath Bank
2492,2,No,No,Pubudu-Sampath Bank
4594,9,No,No,Pubudu-Sampath Bank
1431,6,No,No,Pubudu-Sampath Bank
2378,9,No,No,Pubudu-Sampath Bank
4470,4,No,No,Pubudu-Sampath Bank
1116,12,No,No,Pubudu-Sampath Bank
2240,17,No,No,Pubudu-Sampath Bank
3417,15,No,No,Pubudu-Sampath Bank
737,3,No,No,Pubudu-Sampath Bank
4112,14,No,No,Pubudu-Sampath Bank
3974,15,No,No,Pubudu-Sampath Bank
4142,15,No,No,Pubudu-Sampath Bank
2232,7,No,No,Pubudu-Sampath Bank
1496,14,No,No,Pubudu-Sampath Bank
3792,9,No,No,Pubudu-Sampath Bank
4689,15,No,No,Pubudu-Sampath Bank
2905,15,No,No,Pubudu-Sampath Bank
2997,8,No,No,Pubudu-Sampath Bank
1963,18,No,No,Pubudu-Sampath Bank
678,11,No,No,Pubudu-Sampath Bank
2606,17,No,No,Pubudu-Sampath Bank
4986,6,No,No,Pubudu-Sampath Bank
2252,7,No,No,Pubudu-Sampath Bank
1766,18,No,No,Pubudu-Sampath Bank
2436,14,No,No,Pubudu-Sampath Bank
3387,18,No,No,Pubudu-Sampath Bank
1881,8,No,No,Pubudu-Sampath Bank
957,1,No,No,Pubudu-Sampath Bank
4505,10,No,No,Pubudu-Sampath Bank
2553,18,No,No,Pubudu-Sampath Bank
4206,13,No,No,Pubudu-Sampath Bank
4652,8,No,No,Pubudu-Sampath Bank
1648,14,No,No,Pubudu-Sampath Bank
1352,10,No,No,Pubudu-Sampath Bank
3469,8,No,No,Pubudu-Sampath Bank
717,9,No,No,Pubudu-Sampath Bank
2365,9,No,No,Pubudu-Sampath Bank
3087,3,No,No,Pubudu-Sampath Bank
2668,8,No,No,Pubudu-Sampath Bank
4081,15,No,No,Pubudu-Sampath Bank
4168,1,No,No,Pubudu-Sampath Bank
1744,14,No,No,Pubudu-Sampath Bank
2946,9,No,No,Pubudu-Sampath Bank
4150,12,No,No,Pubudu-Sampath Bank
1867,11,No,No,Pubudu-Sampath Bank
1914,17,No,No,Pubudu-Sampath Bank
4042,18,No,No,Pubudu-Sampath Bank
4496,13,No,No,Pubudu-Sampath Bank
4519,9,No,No,Pubudu-Sampath Bank
3855,2,No,No,Pubudu-Sampath Bank
2783,16,No,No,Pubudu-Sampath Bank
1563,8,No,No,Pubudu-Sampath Bank
1373,17,No,No,Pubudu-Sampath Bank
2151,16,No,No,Pubudu-Sampath Bank
3881,8,No,No,Pubudu-Sampath Bank
3588,8,No,No,Pubudu-Sampath Bank
4071,5,No,No,Pubudu-Sampath Bank
2311,12,No,No,Pubudu-Sampath Bank
3019,9,No,No,Pubudu-Sampath Bank
3444,18,No,No,Pubudu-Sampath Bank
1288,16,No,No,Pubudu-Sampath Bank
3023,10,No,No,Pubudu-Sampath Bank
1395,1,No,No,Pubudu-Sampath Bank
2213,4,No,No,Pubudu-Sampath Bank
4820,10,No,No,Pubudu-Sampath Bank
4951,15,No,No,Pubudu-Sampath Bank
856,6,No,No,Pubudu-Sampath Bank
1269,12,No,No,Pubudu-Sampath Bank
4553,13,No,No,Pubudu-Sampath Bank
1634,3,No,No,Pubudu-Sampath Bank
4934,1,No,No,Pubudu-Sampath Bank
3960,9,No,No,Pubudu-Sampath Bank
2621,15,No,No,Pubudu-Sampath Bank
1848,17,No,No,Pubudu-Sampath Bank
3806,7,No,No,Pubudu-Sampath Bank
1355,3,No,No,Pubudu-Sampath Bank
2736,8,No,No,Pubudu-Sampath Bank
2113,9,No,No,Pubudu-Sampath Bank
3535,16,No,No,Pubudu-Sampath Bank
2136,1,No,No,Pubudu-Sampath Bank
1734,10,No,No,Pubudu-Sampath Bank
1329,16,No,No,Pubudu-Sampath Bank
1246,2,No,No,Pubudu-Sampath Bank
1354,3,No,No,Pubudu-Sampath Bank
1462,3,No,No,Pubudu-Sampath Bank
1907,6,No,No,Pubudu-Sampath Bank
3202,9,No,No,Pubudu-Sampath Bank
906,9,No,No,Pubudu-Sampath Bank
1954,1,No,No,Pubudu-Sampath Bank
3512,5,No,No,Pubudu-Sampath Bank
2497,17,No,No,Pubudu-Sampath Bank
2133,4,No,No,Pubudu-Sampath Bank
2539,12,No,No,Pubudu-Sampath Bank
4134,10,No,No,Pubudu-Sampath Bank
2211,3,No,No,Pubudu-Sampath Bank
2478,8,No,No,Pubudu-Sampath Bank
2960,3,No,No,Pubudu-Sampath Bank
4988,16,No,No,Pubudu-Sampath Bank
2618,10,No,No,Pubudu-Sampath Bank
922,12,No,No,Pubudu-Sampath Bank
962,13,No,No,Pubudu-Sampath Bank
1578,4,No,No,Pubudu-Sampath Bank
3277,9,No,No,Pubudu-Sampath Bank
1803,7,No,No,Pubudu-Sampath Bank
1971,10,No,No,Pubudu-Sampath Bank
3788,11,No,No,Pubudu-Sampath Bank
4795,1,No,No,Pubudu-Sampath Bank
2052,8,No,No,Pubudu-Sampath Bank
3098,13,No,No,Pubudu-Sampath Bank
4520,11,No,No,Pubudu-Sampath Bank
4073,9,No,No,Pubudu-Sampath Bank
4664,18,No,No,Pubudu-Sampath Bank
1312,17,No,No,Pubudu-Sampath Bank
1734,3,No,No,Pubudu-Sampath Bank
2583,2,No,No,Pubudu-Sampath Bank
3864,11,No,No,Pubudu-Sampath Bank
4046,2,No,No,Pubudu-Sampath Bank
562,3,No,No,Pubudu-Sampath Bank
3791,4,No,No,Pubudu-Sampath Bank
3395,7,No,No,Pubudu-Sampath Bank
3050,12,No,No,Pubudu-Sampath Bank
4409,4,No,No,Pubudu-Sampath Bank
1281,7,No,No,Pubudu-Sampath Bank
1043,2,No,No,Pubudu-Sampath Bank
4037,8,No,No,Pubudu-Sampath Bank
4092,14,No,No,Pubudu-Sampath Bank
1048,18,No,No,Pubudu-Sampath Bank
3786,2,No,No,Pubudu-Sampath Bank
2847,14,No,No,Pubudu-Sampath Bank
1374,2,No,No,Pubudu-Sampath Bank
2523,5,No,No,Pubudu-Sampath Bank
2702,6,No,No,Pubudu-Sampath Bank
4458,13,No,No,Pubudu-Sampath Bank
3304,15,No,No,Pubudu-Sampath Bank
3166,6,No,No,Pubudu-Sampath Bank
1146,6,No,No,Pubudu-Sampath Bank
3608,4,No,No,Pubudu-Sampath Bank
3771,16,No,No,Pubudu-Sampath Bank
3839,13,No,No,Pubudu-Sampath Bank
3374,17,No,No,Pubudu-Sampath Bank
1054,6,No,No,Pubudu-Sampath Bank
1595,13,No,No,Pubudu-Sampath Bank
3063,14,No,No,Pubudu-Sampath Bank
2927,7,No,No,Pubudu-Sampath Bank
4223,6,No,No,Pubudu-Sampath Bank
1279,4,No,No,Pubudu-Sampath Bank
3082,11,No,No,Pubudu-Sampath Bank
1931,10,No,No,Pubudu-Sampath Bank
2902,13,No,No,Pubudu-Sampath Bank
620,1,No,No,Pubudu-Sampath Bank
1582,15,No,No,Pubudu-Sampath Bank
4335,4,No,No,Pubudu-Sampath Bank
4638,15,No,No,Pubudu-Sampath Bank
4805,15,No,No,Pubudu-Sampath Bank
3857,17,No,No,Pubudu-Sampath Bank
1432,14,No,No,Pubudu-Sampath Bank
4584,1,No,No,Pubudu-Sampath Bank
3789,14,No,No,Pubudu-Sampath Bank
2585,4,No,No,Pubudu-Sampath Bank
3513,13,No,No,Pubudu-Sampath Bank
4649,15,No,No,Pubudu-Sampath Bank
2416,1,No,No,Pubudu-Sampath Bank
4658,9,No,No,Pubudu-Sampath Bank
4250,15,No,No,Pubudu-Sampath Bank
2932,12,No,No,Pubudu-Sampath Bank
2227,5,No,No,Pubudu-Sampath Bank
2414,15,No,No,Pubudu-Sampath Bank
2439,2,No,No,Pubudu-Sampath Bank
3749,7,No,No,Pubudu-Sampath Bank
2578,15,No,No,Pubudu-Sampath Bank
563,14,No,No,Pubudu-Sampath Bank
631,4,No,No,Pubudu-Sampath Bank
774,1,No,No,Pubudu-Sampath Bank
3811,14,No,No,Pubudu-Sampath Bank
3073,9,No,No,Pubudu-Sampath Bank
3134,14,No,No,Pubudu-Sampath Bank
1601,7,No,No,Pubudu-Sampath Bank
1421,15,No,No,Pubudu-Sampath Bank
4129,7,No,No,Pubudu-Sampath Bank
1245,17,No,No,Pubudu-Sampath Bank
3256,16,No,No,Pubudu-Sampath Bank
3817,8,No,No,Pubudu-Sampath Bank
3019,14,No,No,Pubudu-Sampath Bank
2688,1,No,No,Pubudu-Sampath Bank
1181,15,No,No,Pubudu-Sampath Bank
4876,5,No,No,Pubudu-Sampath Bank
1086,1,No,No,Pubudu-Sampath Bank
4832,7,No,No,Pubudu-Sampath Bank
2964,7,No,No,Pubudu-Sampath Bank
2956,13,No,No,Pubudu-Sampath Bank
1775,6,No,No,Pubudu-Sampath Bank
1948,1,No,No,Pubudu-Sampath Bank
2966,1,No,No,Pubudu-Sampath Bank
4043,2,No,No,Pubudu-Sampath Bank
1396,11,No,No,Pubudu-Sampath Bank
2887,18,No,No,Pubudu-Sampath Bank
2832,15,No,No,Pubudu-Sampath Bank
4104,1,No,No,Pubudu-Sampath Bank
1259,11,No,No,Pubudu-Sampath Bank
4431,2,No,No,Pubudu-Sampath Bank
916,15,No,No,Pubudu-Sampath Bank
4087,12,No,No,Pubudu-Sampath Bank
2600,8,No,No,Pubudu-Sampath Bank
3864,10,No,No,Pubudu-Sampath Bank
4604,4,No,No,Pubudu-Sampath Bank
3534,18,No,No,Pubudu-Sampath Bank
912,16,No,No,Pubudu-Sampath Bank
1599,9,No,No,Pubudu-Sampath Bank
2793,12,No,No,Pubudu-Sampath Bank
872,8,No,No,Pubudu-Sampath Bank
1391,1,No,No,Pubudu-Sampath Bank
1035,5,No,No,Pubudu-Sampath Bank
714,17,No,No,Pubudu-Sampath Bank
3072,11,No,No,Pubudu-Sampath Bank
1521,10,No,No,Pubudu-Sampath Bank
1673,4,No,No,Pubudu-Sampath Bank
2934,5,No,No,Pubudu-Sampath Bank
4516,5,No,No,Pubudu-Sampath Bank
706,10,No,No,Pubudu-Sampath Bank
674,7,No,No,Pubudu-Sampath Bank
2975,5,No,No,Pubudu-Sampath Bank
2675,7,No,No,Pubudu-Sampath Bank
532,16,No,No,Pubudu-Sampath Bank
3703,5,No,No,Pubudu-Sampath Bank
4004,11,No,No,Pubudu-Sampath Bank
1300,13,No,No,Pubudu-Sampath Bank
787,5,No,No,Pubudu-Sampath Bank
2207,14,No,No,Pubudu-Sampath Bank
4603,18,No,No,Pubudu-Sampath Bank
3345,17,No,No,Pubudu-Sampath Bank
1061,3,No,No,Pubudu-Sampath Bank
3635,9,No,No,Pubudu-Sampath Bank
1178,14,No,No,Pubudu-Sampath Bank
1160,13,No,No,Pubudu-Sampath Bank
3284,13,No,No,Pubudu-Sampath Bank
1753,17,No,No,Pubudu-Sampath Bank
4219,9,No,No,Pubudu-Sampath Bank
3644,1,No,No,Pubudu-Sampath Bank
1595,16,No,No,Pubudu-Sampath Bank
2881,3,No,No,Pubudu-Sampath Bank
4122,12,No,No,Pubudu-Sampath Bank
643,8,No,No,Pubudu-Sampath Bank
961,16,No,No,Pubudu-Sampath Bank
616,6,No,No,Pubudu-Sampath Bank
4648,9,No,No,Pubudu-Sampath Bank
4846,11,No,No,Pubudu-Sampath Bank
4779,7,No,No,Pubudu-Sampath Bank
3644,1,No,No,Pubudu-Sampath Bank
2302,13,No,No,Pubudu-Sampath Bank
794,10,No,No,Pubudu-Sampath Bank
1272,10,No,No,Pubudu-Sampath Bank
4351,4,No,No,Pubudu-Sampath Bank
725,5,No,No,Pubudu-Sampath Bank
1742,7,No,No,Pubudu-Sampath Bank
1994,5,No,No,Pubudu-Sampath Bank
1699,8,No,No,Pubudu-Sampath Bank
4596,15,No,No,Pubudu-Sampath Bank
1825,2,No,No,Pubudu-Sampath Bank
715,18,No,No,Pubudu-Sampath Bank
4025,6,No,No,Pubudu-Sampath Bank
1540,10,No,No,Pubudu-Sampath Bank
836,14,No,No,Pubudu-Sampath Bank
3320,16,No,No,Pubudu-Sampath Bank
4677,15,No,No,Pubudu-Sampath Bank
4529,3,No,No,Pubudu-Sampath Bank
2893,18,No,No,Pubudu-Sampath Bank
774,7,No,No,Pubudu-Sampath Bank
2213,14,No,No,Pubudu-Sampath Bank
560,5,No,No,Pubudu-Sampath Bank
4378,7,No,No,Pubudu-Sampath Bank
782,7,No,No,Pubudu-Sampath Bank
2214,12,No,No,Pubudu-Sampath Bank
721,5,No,No,Pubudu-Sampath Bank
718,5,No,No,Pubudu-Sampath Bank
2273,2,No,No,Pubudu-Sampath Bank
784,18,No,No,Pubudu-Sampath Bank
2095,15,No,No,Pubudu-Sampath Bank
1900,16,No,No,Pubudu-Sampath Bank
2828,15,No,No,Pubudu-Sampath Bank
1859,10,No,No,Pubudu-Sampath Bank
3864,13,No,No,Pubudu-Sampath Bank
3802,10,No,No,Pubudu-Sampath Bank
4814,6,No,No,Pubudu-Sampath Bank
762,16,No,No,Pubudu-Sampath Bank
4860,6,No,No,Pubudu-Sampath Bank
2242,13,No,No,Pubudu-Sampath Bank
745,11,No,No,Pubudu-Sampath Bank
4991,7,No,No,Pubudu-Sampath Bank
2610,6,No,No,Pubudu-Sampath Bank
1846,4,No,No,Pubudu-Sampath Bank
2591,15,No,No,Pubudu-Sampath Bank
2493,2,No,No,Pubudu-Sampath Bank
2934,7,No,No,Pubudu-Sampath Bank
3941,12,No,No,Pubudu-Sampath Bank
2521,14,No,No,Pubudu-Sampath Bank
3419,7,No,No,Pubudu-Sampath Bank
4545,15,No,No,Pubudu-Sampath Bank
4652,2,No,No,Pubudu-Sampath Bank
4174,14,No,No,Pubudu-Sampath Bank
4326,16,No,No,Pubudu-Sampath Bank
3062,2,No,No,Pubudu-Sampath Bank
3671,10,No,No,Pubudu-Sampath Bank
4377,13,No,No,Pubudu-Sampath Bank
3253,4,No,No,Pubudu-Sampath Bank
4893,18,No,No,Pubudu-Sampath Bank
3016,15,No,No,Pubudu-Sampath Bank
3284,17,No,No,Pubudu-Sampath Bank
1449,15,No,No,Pubudu-Sampath Bank
3565,11,No,No,Pubudu-Sampath Bank
683,17,No,No,Pubudu-Sampath Bank
4533,12,No,No,Pubudu-Sampath Bank
1574,10,No,No,Pubudu-Sampath Bank
4097,14,No,No,Pubudu-Sampath Bank
4590,6,No,No,Pubudu-Sampath Bank
903,11,No,No,Pubudu-Sampath Bank
4136,18,No,No,Pubudu-Sampath Bank
2848,14,No,No,Pubudu-Sampath Bank
2765,8,No,No,Pubudu-Sampath Bank
2558,2,No,No,Pubudu-Sampath Bank
2612,4,No,No,Pubudu-Sampath Bank
756,5,No,No,Pubudu-Sampath Bank
4848,18,No,No,Pubudu-Sampath Bank
1320,10,No,No,Pubudu-Sampath Bank
4986,1,No,No,Pubudu-Sampath Bank
1380,4,No,No,Pubudu-Sampath Bank
3837,14,No,No,Pubudu-Sampath Bank
4664,12,No,No,Pubudu-Sampath Bank
2702,6,No,No,Pubudu-Sampath Bank
2593,10,No,No,Pubudu-Sampath Bank
4436,3,No,No,Pubudu-Sampath Bank
3665,16,No,No,Pubudu-Sampath Bank
4174,11,No,No,Pubudu-Sampath Bank
4770,11,No,No,Pubudu-Sampath Bank
4114,18,No,No,Pubudu-Sampath Bank
848,13,No,No,Pubudu-Sampath Bank
2510,14,No,No,Pubudu-Sampath Bank
4716,14,No,No,Pubudu-Sampath Bank
2742,5,No,No,Pubudu-Sampath Bank
2935,13,No,No,Pubudu-Sampath Bank
1334,9,No,No,Pubudu-Sampath Bank
3795,2,No,No,Pubudu-Sampath Bank
1432,11,No,No,Pubudu-Sampath Bank
4282,5,No,No,Pubudu-Sampath Bank
4788,3,No,No,Pubudu-Sampath Bank
1968,18,No,No,Pubudu-Sampath Bank
3606,7,No,No,Pubudu-Sampath Bank
4089,12,No,No,Pubudu-Sampath Bank
2315,12,No,No,Pubudu-Sampath Bank
3670,11,No,No,Pubudu-Sampath Bank
3591,12,No,No,Pubudu-Sampath Bank
4425,12,No,No,Pubudu-Sampath Bank
4412,13,No,No,Pubudu-Sampath Bank
3660,17,No,No,Pubudu-Sampath Bank
2983,8,No,No,Pubudu-Sampath Bank
4918,11,No,No,Pubudu-Sampath Bank
4381,17,No,No,Pubudu-Sampath Bank
3244,11,No,No,Pubudu-Sampath Bank
2868,2,No,No,Pubudu-Sampath Bank
4416,17,No,No,Pubudu-Sampath Bank
912,2,No,No,Pubudu-Sampath Bank
1169,7,No,No,Pubudu-Sampath Bank
1194,11,No,No,Pubudu-Sampath Bank
4359,14,No,No,Pubudu-Sampath Bank
3454,10,No,No,Pubudu-Sampath Bank
2382,15,No,No,Pubudu-Sampath Bank
528,18,No,No,Pubudu-Sampath Bank
3777,14,No,No,Pubudu-Sampath Bank
2507,14,No,No,Pubudu-Sampath Bank
1080,12,No,No,Pubudu-Sampath Bank
3466,6,No,No,Pubudu-Sampath Bank
543,12,No,No,Pubudu-Sampath Bank
1846,15,No,No,Pubudu-Sampath Bank
2139,1,No,No,Pubudu-Sampath Bank
1303,6,No,No,Pubudu-Sampath Bank
4382,10,No,No,Pubudu-Sampath Bank
3051,17,No,No,Pubudu-Sampath Bank
1987,5,No,No,Pubudu-Sampath Bank
2347,12,No,No,Pubudu-Sampath Bank
4645,18,No,No,Pubudu-Sampath Bank
3086,6,No,No,Pubudu-Sampath Bank
890,5,No,No,Pubudu-Sampath Bank
500,3,No,No,Pubudu-Sampath Bank
3374,3,No,No,Pubudu-Sampath Bank
3776,14,No,No,Pubudu-Sampath Bank
4491,1,No,No,Pubudu-Sampath Bank
3190,4,No,No,Pubudu-Sampath Bank
2574,11,No,No,Pubudu-Sampath Bank
2838,9,No,No,Pubudu-Sampath Bank
2350,11,No,No,Pubudu-Sampath Bank
2565,9,No,No,Pubudu-Sampath Bank
962,15,No,No,Pubudu-Sampath Bank
4870,6,No,No,Pubudu-Sampath Bank
4281,4,No,No,Pubudu-Sampath Bank
4491,16,No,No,Pubudu-Sampath Bank
4623,6,No,No,Pubudu-Sampath Bank
1820,17,No,No,Pubudu-Sampath Bank
1250,18,No,No,Pubudu-Sampath Bank
3122,8,No,No,Pubudu-Sampath Bank
2245,11,No,No,Pubudu-Sampath Bank
2426,3,No,No,Pubudu-Sampath Bank
4210,9,No,No,Pubudu-Sampath Bank
2558,3,No,No,Pubudu-Sampath Bank
4664,7,No,No,Pubudu-Sampath Bank
3094,8,No,No,Pubudu-Sampath Bank
4801,5,No,No,Pubudu-Sampath Bank
3008,4,No,No,Pubudu-Sampath Bank
4268,8,No,No,Pubudu-Sampath Bank
2648,14,No,No,Pubudu-Sampath Bank
4880,11,No,No,Pubudu-Sampath Bank
4853,5,No,No,Pubudu-Sampath Bank
1462,4,No,No,Pubudu-Sampath Bank
699,12,No,No,Pubudu-Sampath Bank
4173,18,No,No,Pubudu-Sampath Bank
4151,8,No,No,Pubudu-Sampath Bank
4124,6,No,No,Pubudu-Sampath Bank
4532,14,No,No,Pubudu-Sampath Bank
3233,17,No,No,Pubudu-Sampath Bank
3425,7,No,No,Pubudu-Sampath Bank
3579,10,No,No,Pubudu-Sampath Bank
4082,9,No,No,Pubudu-Sampath Bank
645,4,No,No,Pubudu-Sampath Bank
1914,11,No,No,Pubudu-Sampath Bank
3915,4,No,No,Pubudu-Sampath Bank
2054,10,No,No,Pubudu-Sampath Bank
4799,13,No,No,Pubudu-Sampath Bank
4203,6,No,No,Pubudu-Sampath Bank
4157,16,No,No,Pubudu-Sampath Bank
3662,17,No,No,Pubudu-Sampath Bank
1513,15,No,No,Pubudu-Sampath Bank
4229,9,No,No,Pubudu-Sampath Bank
3155,8,No,No,Pubudu-Sampath Bank
2401,18,No,No,Pubudu-Sampath Bank
3964,6,No,No,Pubudu-Sampath Bank
1548,11,No,No,Pubudu-Sampath Bank
981,4,No,No,Pubudu-Sampath Bank
4624,17,No,No,Pubudu-Sampath Bank
4595,8,No,No,Pubudu-Sampath Bank
1890,9,No,No,Pubudu-Sampath Bank
3080,14,No,No,Pubudu-Sampath Bank
3253,1,No,No,Pubudu-Sampath Bank
2625,15,No,No,Pubudu-Sampath Bank
3716,1,No,No,Pubudu-Sampath Bank
2072,9,No,No,Pubudu-Sampath Bank
2750,2,No,No,Pubudu-Sampath Bank
4770,15,No,No,Pubudu-Sampath Bank
4144,12,No,No,Pubudu-Sampath Bank
4917,9,No,No,Pubudu-Sampath Bank
685,11,No,No,Pubudu-Sampath Bank
4440,12,No,No,Pubudu-Sampath Bank
604,7,No,No,Pubudu-Sampath Bank
739,2,No,No,Pubudu-Sampath Bank
704,14,No,No,Pubudu-Sampath Bank
4308,9,No,No,Pubudu-Sampath Bank
4650,6,No,No,Pubudu-Sampath Bank
1587,6,No,No,Pubudu-Sampath Bank
2847,11,No,No,Pubudu-Sampath Bank
2309,5,No,No,Pubudu-Sampath Bank
2853,15,No,No,Pubudu-Sampath Bank
2503,14,No,No,Pubudu-Sampath Bank
4173,16,No,No,Pubudu-Sampath Bank
4972,15,No,No,Pubudu-Sampath Bank
2883,14,No,No,Pubudu-Sampath Bank
4716,2,No,No,Pubudu-Sampath Bank
2264,17,No,No,Pubudu-Sampath Bank
1356,17,No,No,Pubudu-Sampath Bank
4597,5,No,No,Pubudu-Sampath Bank
4574,3,No,No,Pubudu-Sampath Bank
2691,7,No,No,Pubudu-Sampath Bank
1429,2,No,No,Pubudu-Sampath Bank
1235,1,No,No,Pubudu-Sampath Bank
1494,8,No,No,Pubudu-Sampath Bank
2460,16,No,No,Pubudu-Sampath Bank
3533,10,No,No,Pubudu-Sampath Bank
1856,16,No,No,Pubudu-Sampath Bank
1727,16,No,No,Pubudu-Sampath Bank
866,11,No,No,Pubudu-Sampath Bank
1670,3,No,No,Pubudu-Sampath Bank
1835,7,No,No,Pubudu-Sampath Bank
2572,8,No,No,Pubudu-Sampath Bank
3790,4,No,No,Pubudu-Sampath Bank
2363,2,No,No,Pubudu-Sampath Bank
2780,7,No,No,Pubudu-Sampath Bank
4897,6,No,No,Pubudu-Sampath Bank
4635,9,No,No,Pubudu-Sampath Bank
4516,16,No,No,Pubudu-Sampath Bank
4828,12,No,No,Pubudu-Sampath Bank
4357,13,No,No,Pubudu-Sampath Bank
3201,15,No,No,Pubudu-Sampath Bank
3844,15,No,No,Pubudu-Sampath Bank
1160,6,No,No,Pubudu-Sampath Bank
4506,3,No,No,Pubudu-Sampath Bank
2017,4,No,No,Pubudu-Sampath Bank
1354,18,No,No,Pubudu-Sampath Bank
2581,10,No,No,Pubudu-Sampath Bank
2585,15,No,No,Pubudu-Sampath Bank
2913,1,No,No,Pubudu-Sampath Bank
1242,11,No,No,Pubudu-Sampath Bank
3850,15,No,No,Pubudu-Sampath Bank
2701,9,No,No,Pubudu-Sampath Bank
3246,10,No,No,Pubudu-Sampath Bank
3322,5,No,No,Pubudu-Sampath Bank
4704,16,No,No,Pubudu-Sampath Bank
1303,18,No,No,Pubudu-Sampath Bank
4761,17,No,No,Pubudu-Sampath Bank
1072,8,No,No,Pubudu-Sampath Bank
626,14,No,No,Pubudu-Sampath Bank
4981,6,No,No,Pubudu-Sampath Bank
1461,7,No,No,Pubudu-Sampath Bank
2155,6,No,No,Pubudu-Sampath Bank
1019,13,No,No,Pubudu-Sampath Bank
1468,7,No,No,Pubudu-Sampath Bank
3928,6,No,No,Pubudu-Sampath Bank
2085,9,No,No,Pubudu-Sampath Bank
4912,15,No,No,Pubudu-Sampath Bank
4069,17,No,No,Pubudu-Sampath Bank
3104,11,No,No,Pubudu-Sampath Bank
1058,10,No,No,Pubudu-Sampath Bank
654,11,No,No,Pubudu-Sampath Bank
2980,18,No,No,Pubudu-Sampath Bank
2308,5,No,No,Pubudu-Sampath Bank
2896,1,No,No,Pubudu-Sampath Bank
584,9,No,No,Pubudu-Sampath Bank
4813,17,No,No,Pubudu-Sampath Bank
4707,2,No,No,Pubudu-Sampath Bank
4406,12,No,No,Pubudu-Sampath Bank
4136,17,No,No,Pubudu-Sampath Bank
3015,15,No,No,Pubudu-Sampath Bank
2440,17,No,No,Pubudu-Sampath Bank
518,8,No,No,Pubudu-Sampath Bank
2963,10,No,No,Pubudu-Sampath Bank
3835,14,No,No,Pubudu-Sampath Bank
3402,4,No,No,Pubudu-Sampath Bank
2881,3,No,No,Pubudu-Sampath Bank
2971,13,No,No,Pubudu-Sampath Bank
3900,15,No,No,Pubudu-Sampath Bank
3249,12,No,No,Pubudu-Sampath Bank
4738,2,No,No,Pubudu-Sampath Bank
755,4,No,No,Pubudu-Sampath Bank
4499,7,No,No,Pubudu-Sampath Bank
1655,17,No,No,Pubudu-Sampath Bank
3973,15,No,No,Pubudu-Sampath Bank
3346,12,No,No,Pubudu-Sampath Bank
3309,12,No,No,Pubudu-Sampath Bank
4720,14,No,No,Pubudu-Sampath Bank
3932,11,No,No,Pubudu-Sampath Bank
1768,8,No,No,Pubudu-Sampath Bank
1194,6,No,No,Pubudu-Sampath Bank
534,17,No,No,Pubudu-Sampath Bank
4971,5,No,No,Pubudu-Sampath Bank
1163,8,No,No,Pubudu-Sampath Bank
3595,7,No,No,Pubudu-Sampath Bank
2676,5,No,No,Pubudu-Sampath Bank
2005,2,No,No,Pubudu-Sampath Bank
3007,14,No,No,Pubudu-Sampath Bank
2821,12,No,No,Pubudu-Sampath Bank
917,18,No,No,Pubudu-Sampath Bank
2328,2,No,No,Pubudu-Sampath Bank
3755,5,No,No,Pubudu-Sampath Bank
3000,7,No,No,Pubudu-Sampath Bank
2888,10,No,No,Pubudu-Sampath Bank
3021,2,No,No,Pubudu-Sampath Bank
4591,6,No,No,Pubudu-Sampath Bank
2442,1,No,No,Pubudu-Sampath Bank
2671,9,No,No,Pubudu-Sampath Bank
630,8,No,No,Pubudu-Sampath Bank
2283,15,No,No,Pubudu-Sampath Bank
598,7,No,No,Pubudu-Sampath Bank
1177,10,No,No,Pubudu-Sampath Bank
4253,4,No,No,Pubudu-Sampath Bank
4717,18,No,No,Pubudu-Sampath Bank
2736,7,No,No,Pubudu-Sampath Bank
2325,7,No,No,Pubudu-Sampath Bank
3116,13,No,No,Pubudu-Sampath Bank
4093,7,No,No,Pubudu-Sampath Bank
4802,12,No,No,Pubudu-Sampath Bank
3089,15,No,No,Pubudu-Sampath Bank
565,9,No,No,Pubudu-Sampath Bank
1451,13,No,No,Pubudu-Sampath Bank
1456,3,No,No,Pubudu-Sampath Bank
3223,2,No,No,Pubudu-Sampath Bank
3972,10,No,No,Pubudu-Sampath Bank
3332,18,No,No,Pubudu-Sampath Bank
2217,4,No,No,Pubudu-Sampath Bank
652,11,No,No,Pubudu-Sampath Bank
1760,18,No,No,Pubudu-Sampath Bank
3751,6,No,No,Pubudu-Sampath Bank
2589,1,No,No,Pubudu-Sampath Bank
4954,16,No,No,Pubudu-Sampath Bank
982,17,No,No,Pubudu-Sampath Bank
834,8,No,No,Pubudu-Sampath Bank
1609,2,No,No,Pubudu-Sampath Bank
4360,8,No,No,Pubudu-Sampath Bank
1824,18,No,No,Pubudu-Sampath Bank
3369,11,No,No,Pubudu-Sampath Bank
728,8,No,No,Pubudu-Sampath Bank
1632,4,No,No,Pubudu-Sampath Bank
1927,12,No,No,Pubudu-Sampath Bank
4004,8,No,No,Pubudu-Sampath Bank
3577,14,No,No,Pubudu-Sampath Bank
1823,9,No,No,Pubudu-Sampath Bank
4833,15,No,No,Pubudu-Sampath Bank
2107,3,No,No,Pubudu-Sampath Bank
3504,16,No,No,Pubudu-Sampath Bank
2098,9,No,No,Pubudu-Sampath Bank
1284,16,No,No,Pubudu-Sampath Bank
2895,8,No,No,Pubudu-Sampath Bank
2579,16,No,No,Pubudu-Sampath Bank
3193,5,No,No,Pubudu-Sampath Bank
4811,9,No,No,Pubudu-Sampath Bank
1502,7,No,No,Pubudu-Sampath Bank
1489,2,No,No,Pubudu-Sampath Bank
3192,13,No,No,Pubudu-Sampath Bank
928,18,No,No,Pubudu-Sampath Bank
1951,12,No,No,Pubudu-Sampath Bank
2877,6,No,No,Pubudu-Sampath Bank
1428,17,No,No,Pubudu-Sampath Bank
723,14,No,No,Pubudu-Sampath Bank
1482,2,No,No,Pubudu-Sampath Bank
587,7,No,No,Pubudu-Sampath Bank
1924,15,No,No,Pubudu-Sampath Bank
1473,1,No,No,Pubudu-Sampath Bank
2530,3,No,No,Pubudu-Sampath Bank
1524,10,No,No,Pubudu-Sampath Bank
2984,8,No,No,Pubudu-Sampath Bank
3744,8,No,No,Pubudu-Sampath Bank
1463,9,No,No,Pubudu-Sampath Bank
2765,18,No,No,Pubudu-Sampath Bank
3567,6,No,No,Pubudu-Sampath Bank
4785,16,No,No,Pubudu-Sampath Bank
4302,9,No,No,Pubudu-Sampath Bank
1697,11,No,No,Pubudu-Sampath Bank
3544,18,No,No,Pubudu-Sampath Bank
3983,15,No,No,Pubudu-Sampath Bank
985,1,No,No,Pubudu-Sampath Bank
3102,4,No,No,Pubudu-Sampath Bank
758,12,No,No,Pubudu-Sampath Bank
2244,1,No,No,Pubudu-Sampath Bank
572,12,No,No,Pubudu-Sampath Bank
3080,10,No,No,Pubudu-Sampath Bank
3328,8,No,No,Pubudu-Sampath Bank
3291,11,No,No,Pubudu-Sampath Bank
2892,16,No,No,Pubudu-Sampath Bank
3231,8,No,No,Pubudu-Sampath Bank
3221,14,No,No,Pubudu-Sampath Bank
3405,1,No,No,Pubudu-Sampath Bank
1331,17,No,No,Pubudu-Sampath Bank
795,9,No,No,Pubudu-Sampath Bank
3807,18,No,No,Pubudu-Sampath Bank
1895,5,No,No,Pubudu-Sampath Bank
4518,13,No,No,Pubudu-Sampath Bank
3033,4,No,No,Pubudu-Sampath Bank
4830,9,No,No,Pubudu-Sampath Bank
2767,9,No,No,Pubudu-Sampath Bank
2292,1,No,No,Pubudu-Sampath Bank
2210,10,No,No,Pubudu-Sampath Bank
1416,13,No,No,Pubudu-Sampath Bank
3698,14,No,No,Pubudu-Sampath Bank
4147,14,No,No,Pubudu-Sampath Bank
4289,15,No,No,Pubudu-Sampath Bank
4329,1,No,No,Pubudu-Sampath Bank
735,3,No,No,Pubudu-Sampath Bank
4195,8,No,No,Pubudu-Sampath Bank
2338,4,No,No,Pubudu-Sampath Bank
1763,15,No,No,Pubudu-Sampath Bank
1890,6,No,No,Pubudu-Sampath Bank
760,16,No,No,Pubudu-Sampath Bank
2077,13,No,No,Pubudu-Sampath Bank
4812,14,No,No,Pubudu-Sampath Bank
3123,9,No,No,Pubudu-Sampath Bank
2146,10,No,No,Pubudu-Sampath Bank
4420,14,No,No,Pubudu-Sampath Bank
2653,12,No,No,Pubudu-Sampath Bank
1173,18,No,No,Pubudu-Sampath Bank
605,18,No,No,Pubudu-Sampath Bank
3307,6,No,No,Pubudu-Sampath Bank
2582,9,No,No,Pubudu-Sampath Bank
667,15,No,No,Pubudu-Sampath Bank
1409,8,No,No,Pubudu-Sampath Bank
3632,11,No,No,Pubudu-Sampath Bank
3630,6,No,No,Pubudu-Sampath Bank
3627,2,No,No,Pubudu-Sampath Bank
3076,7,No,No,Pubudu-Sampath Bank
1492,18,No,No,Pubudu-Sampath Bank
4183,16,No,No,Pubudu-Sampath Bank
1618,5,No,No,Pubudu-Sampath Bank
1294,13,No,No,Pubudu-Sampath Bank
1021,10,No,No,Pubudu-Sampath Bank
4207,2,No,No,Pubudu-Sampath Bank
3836,7,No,No,Pubudu-Sampath Bank
1867,13,No,No,Pubudu-Sampath Bank
2082,12,No,No,Pubudu-Sampath Bank
1423,1,No,No,Pubudu-Sampath Bank
1626,12,No,No,Pubudu-Sampath Bank
1789,1,No,No,Pubudu-Sampath Bank
1882,13,No,No,Pubudu-Sampath Bank
3253,16,No,No,Pubudu-Sampath Bank
836,18,No,No,Pubudu-Sampath Bank
3630,18,No,No,Pubudu-Sampath Bank
1085,5,No,No,Pubudu-Sampath Bank
829,2,No,No,Pubudu-Sampath Bank
3088,1,No,No,Pubudu-Sampath Bank
2912,14,No,No,Pubudu-Sampath Bank
4530,9,No,No,Pubudu-Sampath Bank
2848,16,No,No,Pubudu-Sampath Bank
840,18,No,No,Pubudu-Sampath Bank
3488,6,No,No,Pubudu-Sampath Bank
3910,11,No,No,Pubudu-Sampath Bank
2271,3,No,No,Pubudu-Sampath Bank
576,16,No,No,Pubudu-Sampath Bank
2269,5,No,No,Pubudu-Sampath Bank
2802,11,No,No,Pubudu-Sampath Bank
2340,11,No,No,Pubudu-Sampath Bank
4914,7,No,No,Pubudu-Sampath Bank
3125,12,No,No,Pubudu-Sampath Bank
2648,3,No,No,Pubudu-Sampath Bank
3193,15,No,No,Pubudu-Sampath Bank
1655,8,No,No,Pubudu-Sampath Bank
3937,18,No,No,Pubudu-Sampath Bank
2878,12,No,No,Pubudu-Sampath Bank
3533,4,No,No,Pubudu-Sampath Bank
717,8,No,No,Pubudu-Sampath Bank
1253,14,No,No,Pubudu-Sampath Bank
3986,13,No,No,Pubudu-Sampath Bank
2851,2,No,No,Pubudu-Sampath Bank
2711,4,No,No,Pubudu-Sampath Bank
3755,3,No,No,Pubudu-Sampath Bank
3534,3,No,No,Pubudu-Sampath Bank
4046,17,No,No,Pubudu-Sampath Bank
4684,17,No,No,Pubudu-Sampath Bank
4632,2,No,No,Pubudu-Sampath Bank
2893,5,No,No,Pubudu-Sampath Bank
827,6,No,No,Pubudu-Sampath Bank
3709,13,No,No,Pubudu-Sampath Bank
1132,6,No,No,Pubudu-Sampath Bank
3189,3,No,No,Pubudu-Sampath Bank
1419,16,No,No,Pubudu-Sampath Bank
624,4,No,No,Pubudu-Sampath Bank
3441,7,No,No,Pubudu-Sampath Bank
3526,14,No,No,Pubudu-Sampath Bank
2953,10,No,No,Pubudu-Sampath Bank
1292,18,No,No,Pubudu-Sampath Bank
1761,15,No,No,Pubudu-Sampath Bank
3934,5,No,No,Pubudu-Sampath Bank
519,16,No,No,Pubudu-Sampath Bank
1634,5,No,No,Pubudu-Sampath Bank
1748,14,No,No,Pubudu-Sampath Bank
507,16,No,No,Pubudu-Sampath Bank
1038,5,No,No,Pubudu-Sampath Bank
3452,15,No,No,Pubudu-Sampath Bank
3499,10,No,No,Pubudu-Sampath Bank
1618,7,No,No,Pubudu-Sampath Bank
2603,8,No,No,Pubudu-Sampath Bank
1189,14,No,No,Pubudu-Sampath Bank
2301,13,No,No,Pubudu-Sampath Bank
1525,3,No,No,Pubudu-Sampath Bank
4513,4,No,No,Pubudu-Sampath Bank
2698,12,No,No,Pubudu-Sampath Bank
4975,7,No,No,Pubudu-Sampath Bank
749,15,No,No,Pubudu-Sampath Bank
3803,1,No,No,Pubudu-Sampath Bank
4113,13,No,No,Pubudu-Sampath Bank
4585,2,No,No,Pubudu-Sampath Bank
4776,13,No,No,Pubudu-Sampath Bank
4164,7,No,No,Pubudu-Sampath Bank
820,5,No,No,Pubudu-Sampath Bank
2814,18,No,No,Pubudu-Sampath Bank
3539,12,No,No,Pubudu-Sampath Bank
4825,16,No,No,Pubudu-Sampath Bank
645,2,No,No,Pubudu-Sampath Bank
915,4,No,No,Pubudu-Sampath Bank
3399,11,No,No,Pubudu-Sampath Bank
3432,6,No,No,Pubudu-Sampath Bank
680,7,No,No,Pubudu-Sampath Bank
3447,14,No,No,Pubudu-Sampath Bank
3267,8,No,No,Pubudu-Sampath Bank
4062,16,No,No,Pubudu-Sampath Bank
4835,15,No,No,Pubudu-Sampath Bank
3554,15,No,No,Pubudu-Sampath Bank
2497,3,No,No,Pubudu-Sampath Bank
3572,11,No,No,Pubudu-Sampath Bank
1028,17,No,No,Pubudu-Sampath Bank