deposit_amount,age,gift,rates,special_benefits,account_type
81278,2,No,4.7,Yes,0
75941,5,No,4.7,Yes,0
946,2,No,4.7,Yes,0
88788,6,No,4.7,Yes,0
14723,8,No,4.7,Yes,0
42503,13,No,4.7,Yes,0
21600,11,No,4.7,Yes,0
42067,13,No,4.7,Yes,0
93581,18,No,4.7,Yes,0
79362,3,No,4.7,Yes,0
97701,18,No,4.7,Yes,0
13381,2,No,4.7,Yes,0
27254,7,No,4.7,Yes,0
61432,10,No,4.7,Yes,0
78479,8,No,4.7,Yes,0
32857,17,No,4.7,Yes,0
91874,3,No,4.7,Yes,0
89244,17,No,4.7,Yes,0
67463,2,No,4.7,Yes,0
74869,5,No,4.7,Yes,0
41782,7,No,4.7,Yes,0
44587,13,No,4.7,Yes,0
47760,14,No,4.7,Yes,0
59134,11,No,4.7,Yes,0
39465,1,No,4.7,Yes,0
27774,16,No,4.7,Yes,0
4749,6,No,4.7,Yes,0
60368,5,No,4.7,Yes,0
66210,6,No,4.7,Yes,0
46063,7,No,4.7,Yes,0
34366,15,No,4.7,Yes,0
61770,4,No,4.7,Yes,0
33340,5,No,4.7,Yes,0
38129,17,No,4.7,Yes,0
86300,17,No,4.7,Yes,0
19484,15,No,4.7,Yes,0
44341,4,No,4.7,Yes,0
86838,4,No,4.7,Yes,0
73831,1,No,4.7,Yes,0
48691,11,No,4.7,Yes,0
67604,10,No,4.7,Yes,0
65031,7,No,4.7,Yes,0
59964,18,No,4.7,Yes,0
62686,7,No,4.7,Yes,0
36330,1,No,4.7,Yes,0
78194,4,No,4.7,Yes,0
948,18,No,4.7,Yes,0
17991,3,No,4.7,Yes,0
40718,5,No,4.7,Yes,0
34055,11,No,4.7,Yes,0
61768,18,No,4.7,Yes,0
42950,6,No,4.7,Yes,0
30188,18,No,4.7,Yes,0
36397,13,No,4.7,Yes,0
76511,15,No,4.7,Yes,0
89957,13,No,4.7,Yes,0
63028,11,No,4.7,Yes,0
23432,5,No,4.7,Yes,0
52088,13,No,4.7,Yes,0
87761,12,No,4.7,Yes,0
1410,7,No,4.7,Yes,0
52588,5,No,4.7,Yes,0
2947,14,No,4.7,Yes,0
53353,10,No,4.7,Yes,0
29505,11,No,4.7,Yes,0
27356,13,No,4.7,Yes,0
41464,13,No,4.7,Yes,0
47265,12,No,4.7,Yes,0
87050,10,No,4.7,Yes,0
24461,6,No,4.7,Yes,0
69851,3,No,4.7,Yes,0
26698,9,No,4.7,Yes,0
99472,16,No,4.7,Yes,0
5848,4,No,4.7,Yes,0
58421,2,No,4.7,Yes,0
29300,8,No,4.7,Yes,0
30415,5,No,4.7,Yes,0
99266,15,No,4.7,Yes,0
82926,17,No,4.7,Yes,0
60778,14,No,4.7,Yes,0
3018,16,No,4.7,Yes,0
2527,7,No,4.7,Yes,0
32675,17,No,4.7,Yes,0
82313,17,No,4.7,Yes,0
54277,6,No,4.7,Yes,0
14769,1,No,4.7,Yes,0
87438,18,No,4.7,Yes,0
85735,3,No,4.7,Yes,0
12422,7,No,4.7,Yes,0
26859,2,No,4.7,Yes,0
45782,12,No,4.7,Yes,0
8088,17,No,4.7,Yes,0
41958,14,No,4.7,Yes,0
26380,12,No,4.7,Yes,0
51096,14,No,4.7,Yes,0
8590,17,No,4.7,Yes,0
10591,1,No,4.7,Yes,0
25379,7,No,4.7,Yes,0
54285,3,No,4.7,Yes,0
84921,1,No,4.7,Yes,0
25159,16,No,4.7,Yes,0
43961,8,No,4.7,Yes,0
92396,8,No,4.7,Yes,0
10944,2,No,4.7,Yes,0
94932,7,No,4.7,Yes,0
26553,13,No,4.7,Yes,0
22434,6,No,4.7,Yes,0
54539,14,No,4.7,Yes,0
31019,4,No,4.7,Yes,0
13514,15,No,4.7,Yes,0
12185,8,No,4.7,Yes,0
99678,12,No,4.7,Yes,0
40632,5,No,4.7,Yes,0
20693,10,No,4.7,Yes,0
51625,17,No,4.7,Yes,0
38372,8,No,4.7,Yes,0
7292,14,No,4.7,Yes,0
39904,7,No,4.7,Yes,0
49480,1,No,4.7,Yes,0
71164,1,No,4.7,Yes,0
34684,1,No,4.7,Yes,0
93692,18,No,4.7,Yes,0
84052,15,No,4.7,Yes,0
34339,17,No,4.7,Yes,0
43661,10,No,4.7,Yes,0
96490,2,No,4.7,Yes,0
78168,6,No,4.7,Yes,0
56908,10,No,4.7,Yes,0
22734,7,No,4.7,Yes,0
29221,5,No,4.7,Yes,0
55528,12,No,4.7,Yes,0
13460,2,No,4.7,Yes,0
65020,5,No,4.7,Yes,0
61365,6,No,4.7,Yes,0
69321,12,No,4.7,Yes,0
75888,8,No,4.7,Yes,0
85796,9,No,4.7,Yes,0
18558,2,No,4.7,Yes,0
4897,11,No,4.7,Yes,0
74130,4,No,4.7,Yes,0
8387,15,No,4.7,Yes,0
14667,14,No,4.7,Yes,0
18366,6,No,4.7,Yes,0
48510,4,No,4.7,Yes,0
55681,7,No,4.7,Yes,0
90986,12,No,4.7,Yes,0
24416,10,No,4.7,Yes,0
88515,14,No,4.7,Yes,0
56380,8,No,4.7,Yes,0
71609,4,No,4.7,Yes,0
37693,9,No,4.7,Yes,0
88761,16,No,4.7,Yes,0
62812,11,No,4.7,Yes,0
17930,1,No,4.7,Yes,0
88448,11,No,4.7,Yes,0
87347,16,No,4.7,Yes,0
81404,1,No,4.7,Yes,0
33744,3,No,4.7,Yes,0
76826,1,No,4.7,Yes,0
66870,10,No,4.7,Yes,0
78536,10,No,4.7,Yes,0
93515,3,No,4.7,Yes,0
88040,16,No,4.7,Yes,0
91664,18,No,4.7,Yes,0
48764,9,No,4.7,Yes,0
73235,11,No,4.7,Yes,0
73516,14,No,4.7,Yes,0
25102,17,No,4.7,Yes,0
73127,3,No,4.7,Yes,0
87828,4,No,4.7,Yes,0
88809,17,No,4.7,Yes,0
40933,17,No,4.7,Yes,0
31882,18,No,4.7,Yes,0
23272,1,No,4.7,Yes,0
39237,17,No,4.7,Yes,0
94737,6,No,4.7,Yes,0
95705,1,No,4.7,Yes,0
99569,12,No,4.7,Yes,0
98256,16,No,4.7,Yes,0
44307,1,No,4.7,Yes,0
33034,2,No,4.7,Yes,0
20975,10,No,4.7,Yes,0
91226,2,No,4.7,Yes,0
90644,8,No,4.7,Yes,0
22731,8,No,4.7,Yes,0
61304,7,No,4.7,Yes,0
77849,8,No,4.7,Yes,0
47669,9,No,4.7,Yes,0
54125,6,No,4.7,Yes,0
10336,1,No,4.7,Yes,0
50271,12,No,4.7,Yes,0
49081,10,No,4.7,Yes,0
96231,18,No,4.7,Yes,0
46335,15,No,4.7,Yes,0
48501,14,No,4.7,Yes,0
23272,14,No,4.7,Yes,0
79430,11,No,4.7,Yes,0
70066,1,No,4.7,Yes,0
24786,13,No,4.7,Yes,0
25890,8,No,4.7,Yes,0
6629,14,No,4.7,Yes,0
60401,15,No,4.7,Yes,0
49133,5,No,4.7,Yes,0
443,8,No,4.7,Yes,0
73948,17,No,4.7,Yes,0
7982,8,No,4.7,Yes,0
66965,13,No,4.7,Yes,0
27513,12,No,4.7,Yes,0
68018,1,No,4.7,Yes,0
52134,17,No,4.7,Yes,0
27686,11,No,4.7,Yes,0
41242,8,No,4.7,Yes,0
77004,8,No,4.7,Yes,0
35339,11,No,4.7,Yes,0
14555,12,No,4.7,Yes,0
16217,5,No,4.7,Yes,0
3601,16,No,4.7,Yes,0
80483,1,No,4.7,Yes,0
834,17,No,4.7,Yes,0
37870,10,No,4.7,Yes,0
21884,9,No,4.7,Yes,0
56605,5,No,4.7,Yes,0
33962,16,No,4.7,Yes,0
97444,4,No,4.7,Yes,0
54967,17,No,4.7,Yes,0
59220,3,No,4.7,Yes,0
3576,12,No,4.7,Yes,0
97154,5,No,4.7,Yes,0
93121,8,No,4.7,Yes,0
17070,2,No,4.7,Yes,0
60647,8,No,4.7,Yes,0
43445,14,No,4.7,Yes,0
69883,14,No,4.7,Yes,0
33665,12,No,4.7,Yes,0
67815,15,No,4.7,Yes,0
51527,14,No,4.7,Yes,0
77489,15,No,4.7,Yes,0
18954,18,No,4.7,Yes,0
39986,1,No,4.7,Yes,0
57897,11,No,4.7,Yes,0
84911,1,No,4.7,Yes,0
74195,5,No,4.7,Yes,0
37956,18,No,4.7,Yes,0
44591,14,No,4.7,Yes,0
57213,12,No,4.7,Yes,0
78521,12,No,4.7,Yes,0
12464,13,No,4.7,Yes,0
33373,2,No,4.7,Yes,0
34824,17,No,4.7,Yes,0
27788,8,No,4.7,Yes,0
65943,3,No,4.7,Yes,0
10188,11,No,4.7,Yes,0
3175,11,No,4.7,Yes,0
82926,3,No,4.7,Yes,0
60311,12,No,4.7,Yes,0
91401,15,No,4.7,Yes,0
39927,6,No,4.7,Yes,0
28141,5,No,4.7,Yes,0
59714,15,No,4.7,Yes,0
26521,14,No,4.7,Yes,0
73207,4,No,4.7,Yes,0
37796,3,No,4.7,Yes,0
36195,15,No,4.7,Yes,0
57171,6,No,4.7,Yes,0
14140,9,No,4.7,Yes,0
6030,16,No,4.7,Yes,0
18670,17,No,4.7,Yes,0
97183,9,No,4.7,Yes,0
73410,6,No,4.7,Yes,0
94620,13,No,4.7,Yes,0
93069,1,No,4.7,Yes,0
29139,1,No,4.7,Yes,0
662,8,No,4.7,Yes,0
10982,10,No,4.7,Yes,0
32169,2,No,4.7,Yes,0
23403,11,No,4.7,Yes,0
71044,7,No,4.7,Yes,0
42537,5,No,4.7,Yes,0
36284,4,No,4.7,Yes,0
58186,2,No,4.7,Yes,0
28058,2,No,4.7,Yes,0
31348,14,No,4.7,Yes,0
77473,10,No,4.7,Yes,0
4196,1,No,4.7,Yes,0
75701,18,No,4.7,Yes,0
94996,1,No,4.7,Yes,0
91465,4,No,4.7,Yes,0
58801,4,No,4.7,Yes,0
11323,17,No,4.7,Yes,0
78191,10,No,4.7,Yes,0
17316,6,No,4.7,Yes,0
44369,13,No,4.7,Yes,0
96443,16,No,4.7,Yes,0
96974,15,No,4.7,Yes,0
95661,18,No,4.7,Yes,0
45823,16,No,4.7,Yes,0
94141,2,No,4.7,Yes,0
37013,15,No,4.7,Yes,0
75196,12,No,4.7,Yes,0
66939,13,No,4.7,Yes,0
21486,6,No,4.7,Yes,0
54767,12,No,4.7,Yes,0
66223,3,No,4.7,Yes,0
29537,13,No,4.7,Yes,0
45249,6,No,4.7,Yes,0
90197,2,No,4.7,Yes,0
71820,11,No,4.7,Yes,0
90125,4,No,4.7,Yes,0
52350,11,No,4.7,Yes,0
6515,10,No,4.7,Yes,0
13722,15,No,4.7,Yes,0
88798,13,No,4.7,Yes,0
34168,11,No,4.7,Yes,0
73143,1,No,4.7,Yes,0
23037,2,No,4.7,Yes,0
4052,16,No,4.7,Yes,0
73120,10,No,4.7,Yes,0
84674,2,No,4.7,Yes,0
1761,17,No,4.7,Yes,0
62310,5,No,4.7,Yes,0
46639,4,No,4.7,Yes,0
58888,13,No,4.7,Yes,0
3656,10,No,4.7,Yes,0
53311,17,No,4.7,Yes,0
31449,10,No,4.7,Yes,0
77526,9,No,4.7,Yes,0
64898,17,No,4.7,Yes,0
72555,7,No,4.7,Yes,0
18612,11,No,4.7,Yes,0
28561,8,No,4.7,Yes,0
33769,15,No,4.7,Yes,0
61448,4,No,4.7,Yes,0
68706,3,No,4.7,Yes,0
93150,10,No,4.7,Yes,0
82166,13,No,4.7,Yes,0
87436,10,No,4.7,Yes,0
85202,11,No,4.7,Yes,0
51876,14,No,4.7,Yes,0
19522,16,No,4.7,Yes,0
93882,10,No,4.7,Yes,0
92964,3,No,4.7,Yes,0
30713,15,No,4.7,Yes,0
11223,9,No,4.7,Yes,0
3111,1,No,4.7,Yes,0
21896,8,No,4.7,Yes,0
28180,7,No,4.7,Yes,0
33553,6,No,4.7,Yes,0
83739,1,No,4.7,Yes,0
46202,5,No,4.7,Yes,0
59877,15,No,4.7,Yes,0
9705,16,No,4.7,Yes,0
91148,1,No,4.7,Yes,0
32344,2,No,4.7,Yes,0
45338,5,No,4.7,Yes,0
80423,1,No,4.7,Yes,0
230,17,No,4.7,Yes,0
55620,18,No,4.7,Yes,0
40464,5,No,4.7,Yes,0
713,10,No,4.7,Yes,0
11918,9,No,4.7,Yes,0
54462,12,No,4.7,Yes,0
86385,18,No,4.7,Yes,0
41559,14,No,4.7,Yes,0
90047,9,No,4.7,Yes,0
23312,13,No,4.7,Yes,0
44563,6,No,4.7,Yes,0
40024,18,No,4.7,Yes,0
9340,8,No,4.7,Yes,0
815,6,No,4.7,Yes,0
91994,13,No,4.7,Yes,0
98087,17,No,4.7,Yes,0
38763,1,No,4.7,Yes,0
71152,11,No,4.7,Yes,0
85659,8,No,4.7,Yes,0
51190,12,No,4.7,Yes,0
73310,7,No,4.7,Yes,0
2265,18,No,4.7,Yes,0
12046,14,No,4.7,Yes,0
18689,14,No,4.7,Yes,0
12605,9,No,4.7,Yes,0
75790,4,No,4.7,Yes,0
97273,4,No,4.7,Yes,0
34702,8,No,4.7,Yes,0
12835,17,No,4.7,Yes,0
14208,7,No,4.7,Yes,0
98881,1,No,4.7,Yes,0
13936,7,No,4.7,Yes,0
52878,18,No,4.7,Yes,0
36005,17,No,4.7,Yes,0
5502,3,No,4.7,Yes,0
95016,12,No,4.7,Yes,0
66263,7,No,4.7,Yes,0
38444,11,No,4.7,Yes,0
91378,1,No,4.7,Yes,0
4186,9,No,4.7,Yes,0
24544,13,No,4.7,Yes,0
58085,17,No,4.7,Yes,0
31146,5,No,4.7,Yes,0
26593,13,No,4.7,Yes,0
12591,11,No,4.7,Yes,0
69427,4,No,4.7,Yes,0
64269,9,No,4.7,Yes,0
54823,2,No,4.7,Yes,0
52104,13,No,4.7,Yes,0
12524,17,No,4.7,Yes,0
87321,3,No,4.7,Yes,0
39032,8,No,4.7,Yes,0
35939,16,No,4.7,Yes,0
33095,9,No,4.7,Yes,0
66961,18,No,4.7,Yes,0
1290,9,No,4.7,Yes,0
64895,3,No,4.7,Yes,0
27272,10,No,4.7,Yes,0
32070,3,No,4.7,Yes,0
18130,5,No,4.7,Yes,0
31571,9,No,4.7,Yes,0
23005,4,No,4.7,Yes,0
9455,15,No,4.7,Yes,0
57067,5,No,4.7,Yes,0
24405,8,No,4.7,Yes,0
70841,15,No,4.7,Yes,0
17089,1,No,4.7,Yes,0
43308,2,No,4.7,Yes,0
61421,18,No,4.7,Yes,0
75411,13,No,4.7,Yes,0
14474,5,No,4.7,Yes,0
59406,14,No,4.7,Yes,0
80196,15,No,4.7,Yes,0
44393,17,No,4.7,Yes,0
97039,3,No,4.7,Yes,0
54901,8,No,4.7,Yes,0
63346,3,No,4.7,Yes,0
97860,15,No,4.7,Yes,0
50117,13,No,4.7,Yes,0
67747,2,No,4.7,Yes,0
9801,12,No,4.7,Yes,0
87219,12,No,4.7,Yes,0
57737,14,No,4.7,Yes,0
65199,17,No,4.7,Yes,0
30438,17,No,4.7,Yes,0
73860,17,No,4.7,Yes,0
55762,6,No,4.7,Yes,0
82842,5,No,4.7,Yes,0
50219,9,No,4.7,Yes,0
69146,15,No,4.7,Yes,0
51496,15,No,4.7,Yes,0
26300,3,No,4.7,Yes,0
42292,15,No,4.7,Yes,0
11688,6,No,4.7,Yes,0
27020,14,No,4.7,Yes,0
92405,3,No,4.7,Yes,0
66544,8,No,4.7,Yes,0
6429,7,No,4.7,Yes,0
17372,18,No,4.7,Yes,0
15537,11,No,4.7,Yes,0
31048,5,No,4.7,Yes,0
15960,4,No,4.7,Yes,0
75106,8,No,4.7,Yes,0
99262,7,No,4.7,Yes,0
11866,1,No,4.7,Yes,0
46291,7,No,4.7,Yes,0
79639,18,No,4.7,Yes,0
91228,15,No,4.7,Yes,0
42273,2,No,4.7,Yes,0
46094,9,No,4.7,Yes,0
44977,14,No,4.7,Yes,0
56361,8,No,4.7,Yes,0
45375,7,No,4.7,Yes,0
96012,15,No,4.7,Yes,0
90592,16,No,4.7,Yes,0
90616,3,No,4.7,Yes,0
72312,1,No,4.7,Yes,0
44655,11,No,4.7,Yes,0
86444,14,No,4.7,Yes,0
24519,16,No,4.7,Yes,0
89871,2,No,4.7,Yes,0
28432,1,No,4.7,Yes,0
47133,4,No,4.7,Yes,0
32676,14,No,4.7,Yes,0
43077,10,No,4.7,Yes,0
54405,11,No,4.7,Yes,0
65415,14,No,4.7,Yes,0
54927,9,No,4.7,Yes,0
52622,3,No,4.7,Yes,0
78949,16,No,4.7,Yes,0
22140,17,No,4.7,Yes,0
43582,2,No,4.7,Yes,0
61742,6,No,4.7,Yes,0
521,9,No,4.7,Yes,0
32364,15,No,4.7,Yes,0
73695,18,No,4.7,Yes,0
96505,10,No,4.7,Yes,0
93930,16,No,4.7,Yes,0
98844,12,No,4.7,Yes,0
37184,11,No,4.7,Yes,0
66069,11,No,4.7,Yes,0
67720,1,No,4.7,Yes,0
89698,14,No,4.7,Yes,0
20971,18,No,4.7,Yes,0
10771,5,No,4.7,Yes,0
47689,5,No,4.7,Yes,0
52844,16,No,4.7,Yes,0
38247,17,No,4.7,Yes,0
62395,11,No,4.7,Yes,0
31480,1,No,4.7,Yes,0
30314,10,No,4.7,Yes,0
97989,12,No,4.7,Yes,0
59282,16,No,4.7,Yes,0
18381,6,No,4.7,Yes,0
8782,12,No,4.7,Yes,0
85369,10,No,4.7,Yes,0
43207,1,No,4.7,Yes,0
78855,3,No,4.7,Yes,0
71041,2,No,4.7,Yes,0
38227,7,No,4.7,Yes,0
74328,5,No,4.7,Yes,0
27097,10,No,4.7,Yes,0
27937,10,No,4.7,Yes,0
59074,15,No,4.7,Yes,0
96360,5,No,4.7,Yes,0
62821,13,No,4.7,Yes,0
65736,5,No,4.7,Yes,0
61578,2,No,4.7,Yes,0
64312,14,No,4.7,Yes,0
10426,8,No,4.7,Yes,0
21113,3,No,4.7,Yes,0
29368,14,No,4.7,Yes,0
32596,9,No,4.7,Yes,0
34918,12,No,4.7,Yes,0
51896,17,No,4.7,Yes,0
60307,14,No,4.7,Yes,0
53288,14,No,4.7,Yes,0
34302,2,No,4.7,Yes,0
87802,16,No,4.7,Yes,0
28711,1,No,4.7,Yes,0
42815,18,No,4.7,Yes,0
35522,14,No,4.7,Yes,0
43854,6,No,4.7,Yes,0
86101,8,No,4.7,Yes,0
63923,5,No,4.7,Yes,0
70744,3,No,4.7,Yes,0
42735,8,No,4.7,Yes,0
3878,8,No,4.7,Yes,0
61402,5,No,4.7,Yes,0
21849,10,No,4.7,Yes,0
42482,15,No,4.7,Yes,0
45421,16,No,4.7,Yes,0
91987,2,No,4.7,Yes,0
69132,13,No,4.7,Yes,0
46682,6,No,4.7,Yes,0
73250,10,No,4.7,Yes,0
96380,4,No,4.7,Yes,0
93495,11,No,4.7,Yes,0
74398,7,No,4.7,Yes,0
89043,7,No,4.7,Yes,0
77568,18,No,4.7,Yes,0
5084,16,No,4.7,Yes,0
13914,15,No,4.7,Yes,0
87804,15,No,4.7,Yes,0
61018,9,No,4.7,Yes,0
57352,12,No,4.7,Yes,0
21688,7,No,4.7,Yes,0
87465,5,No,4.7,Yes,0
46074,3,No,4.7,Yes,0
68762,6,No,4.7,Yes,0
43546,7,No,4.7,Yes,0
31458,8,No,4.7,Yes,0
55146,1,No,4.7,Yes,0
62975,8,No,4.7,Yes,0
20672,5,No,4.7,Yes,0
39246,10,No,4.7,Yes,0
54778,6,No,4.7,Yes,0
83643,8,No,4.7,Yes,0
98885,10,No,4.7,Yes,0
36177,17,No,4.7,Yes,0
68403,10,No,4.7,Yes,0
37497,16,No,4.7,Yes,0
22594,8,No,4.7,Yes,0
84934,13,No,4.7,Yes,0
79685,5,No,4.7,Yes,0
78043,1,No,4.7,Yes,0
60583,3,No,4.7,Yes,0
43702,14,No,4.7,Yes,0
96074,9,No,4.7,Yes,0
91357,11,No,4.7,Yes,0
23683,8,No,4.7,Yes,0
79316,2,No,4.7,Yes,0
18514,2,No,4.7,Yes,0
10500,11,No,4.7,Yes,0
12135,14,No,4.7,Yes,0
60248,4,No,4.7,Yes,0
93012,16,No,4.7,Yes,0
2372,10,No,4.7,Yes,0
32368,4,No,4.7,Yes,0
93415,17,No,4.7,Yes,0
15855,5,No,4.7,Yes,0
78573,14,No,4.7,Yes,0
3692,11,No,4.7,Yes,0
98631,7,No,4.7,Yes,0
2161,18,No,4.7,Yes,0
1794,13,No,4.7,Yes,0
20584,5,No,4.7,Yes,0
42953,15,No,4.7,Yes,0
62943,14,No,4.7,Yes,0
39652,18,No,4.7,Yes,0
68343,1,No,4.7,Yes,0
89850,13,No,4.7,Yes,0
4045,5,No,4.7,Yes,0
18038,9,No,4.7,Yes,0
92101,13,No,4.7,Yes,0
44309,6,No,4.7,Yes,0
64139,9,No,4.7,Yes,0
90523,2,No,4.7,Yes,0
20673,15,No,4.7,Yes,0
37800,1,No,4.7,Yes,0
75753,8,No,4.7,Yes,0
70957,17,No,4.7,Yes,0
28592,7,No,4.7,Yes,0
12276,3,No,4.7,Yes,0
69401,8,No,4.7,Yes,0
16841,1,No,4.7,Yes,0
73620,2,No,4.7,Yes,0
55729,6,No,4.7,Yes,0
47333,7,No,4.7,Yes,0
62362,16,No,4.7,Yes,0
68755,4,No,4.7,Yes,0
94422,1,No,4.7,Yes,0
1764,2,No,4.7,Yes,0
81900,9,No,4.7,Yes,0
60193,4,No,4.7,Yes,0
12071,8,No,4.7,Yes,0
75165,13,No,4.7,Yes,0
21489,12,No,4.7,Yes,0
84864,9,No,4.7,Yes,0
88526,1,No,4.7,Yes,0
99075,12,No,4.7,Yes,0
77292,7,No,4.7,Yes,0
23620,5,No,4.7,Yes,0
68823,11,No,4.7,Yes,0
15860,5,No,4.7,Yes,0
76785,3,No,4.7,Yes,0
58872,14,No,4.7,Yes,0
70412,7,No,4.7,Yes,0
14212,5,No,4.7,Yes,0
52822,10,No,4.7,Yes,0
2842,4,No,4.7,Yes,0
41301,10,No,4.7,Yes,0
72798,4,No,4.7,Yes,0
46608,6,No,4.7,Yes,0
68853,5,No,4.7,Yes,0
53245,15,No,4.7,Yes,0
41246,10,No,4.7,Yes,0
15571,15,No,4.7,Yes,0
9179,9,No,4.7,Yes,0
45159,1,No,4.7,Yes,0
69923,12,No,4.7,Yes,0
29259,18,No,4.7,Yes,0
49767,7,No,4.7,Yes,0
14224,11,No,4.7,Yes,0
76850,6,No,4.7,Yes,0
45768,8,No,4.7,Yes,0
8960,1,No,4.7,Yes,0
83800,17,No,4.7,Yes,0
41915,18,No,4.7,Yes,0
41665,4,No,4.7,Yes,0
92065,10,No,4.7,Yes,0
35631,17,No,4.7,Yes,0
48871,8,No,4.7,Yes,0
79320,15,No,4.7,Yes,0
75453,5,No,4.7,Yes,0
95727,15,No,4.7,Yes,0
95882,2,No,4.7,Yes,0
12918,4,No,4.7,Yes,0
18560,7,No,4.7,Yes,0
34030,14,No,4.7,Yes,0
20955,7,No,4.7,Yes,0
44009,3,No,4.7,Yes,0
83980,9,No,4.7,Yes,0
95930,1,No,4.7,Yes,0
91840,15,No,4.7,Yes,0
99076,13,No,4.7,Yes,0
72381,4,No,4.7,Yes,0
71894,7,No,4.7,Yes,0
73677,7,No,4.7,Yes,0
86967,7,No,4.7,Yes,0
54562,2,No,4.7,Yes,0
33840,9,No,4.7,Yes,0
3856,2,No,4.7,Yes,0
38581,2,No,4.7,Yes,0
93125,15,No,4.7,Yes,0
54653,17,No,4.7,Yes,0
23167,4,No,4.7,Yes,0
10227,11,No,4.7,Yes,0
60522,9,No,4.7,Yes,0
22513,14,No,4.7,Yes,0
70625,15,No,4.7,Yes,0
39340,11,No,4.7,Yes,0
39783,10,No,4.7,Yes,0
20154,3,No,4.7,Yes,0
63824,2,No,4.7,Yes,0
59254,16,No,4.7,Yes,0
57894,2,No,4.7,Yes,0
93649,11,No,4.7,Yes,0
71743,18,No,4.7,Yes,0
98136,15,No,4.7,Yes,0
46525,6,No,4.7,Yes,0
37535,17,No,4.7,Yes,0
73242,11,No,4.7,Yes,0
61636,4,No,4.7,Yes,0
89583,15,No,4.7,Yes,0
19110,16,No,4.7,Yes,0
3813,1,No,4.7,Yes,0
45520,11,No,4.7,Yes,0
89284,10,No,4.7,Yes,0
44215,8,No,4.7,Yes,0
34256,14,No,4.7,Yes,0
43522,16,No,4.7,Yes,0
84133,10,No,4.7,Yes,0
61917,10,No,4.7,Yes,0
63371,9,No,4.7,Yes,0
58399,1,No,4.7,Yes,0
68598,12,No,4.7,Yes,0
80649,5,No,4.7,Yes,0
16001,3,No,4.7,Yes,0
56630,12,No,4.7,Yes,0
82406,7,No,4.7,Yes,0
60462,7,No,4.7,Yes,0
23035,16,No,4.7,Yes,0
6007,12,No,4.7,Yes,0
68690,8,No,4.7,Yes,0
18070,2,No,4.7,Yes,0
10904,15,No,4.7,Yes,0
51996,4,No,4.7,Yes,0
23884,6,No,4.7,Yes,0
83477,18,No,4.7,Yes,0
13806,11,No,4.7,Yes,0
93951,2,No,4.7,Yes,0
45992,11,No,4.7,Yes,0
47368,10,No,4.7,Yes,0
28407,15,No,4.7,Yes,0
98319,13,No,4.7,Yes,0
41811,9,No,4.7,Yes,0
80191,7,No,4.7,Yes,0
49312,12,No,4.7,Yes,0
6590,2,No,4.7,Yes,0
53187,6,No,4.7,Yes,0
47808,10,No,4.7,Yes,0
57706,11,No,4.7,Yes,0
66304,5,No,4.7,Yes,0
81287,1,No,4.7,Yes,0
25518,9,No,4.7,Yes,0
77056,3,No,4.7,Yes,0
21766,15,No,4.7,Yes,0
70875,8,No,4.7,Yes,0
38324,17,No,4.7,Yes,0
40383,7,No,4.7,Yes,0
33908,17,No,4.7,Yes,0
76258,10,No,4.7,Yes,0
83894,5,No,4.7,Yes,0
46266,18,No,4.7,Yes,0
77510,10,No,4.7,Yes,0
81907,2,No,4.7,Yes,0
77290,4,No,4.7,Yes,0
82262,14,No,4.7,Yes,0
61637,7,No,4.7,Yes,0
83981,5,No,4.7,Yes,0
85832,2,No,4.7,Yes,0
48759,13,No,4.7,Yes,0
594,7,No,4.7,Yes,0
8104,11,No,4.7,Yes,0
79540,14,No,4.7,Yes,0
82338,9,No,4.7,Yes,0
41560,3,No,4.7,Yes,0
18662,18,No,4.7,Yes,0
26349,2,No,4.7,Yes,0
20788,9,No,4.7,Yes,0
14301,7,No,4.7,Yes,0
76650,11,No,4.7,Yes,0
644,1,No,4.7,Yes,0
8493,14,No,4.7,Yes,0
52400,11,No,4.7,Yes,0
22500,3,No,4.7,Yes,0
18493,7,No,4.7,Yes,0
86433,4,No,4.7,Yes,0
33731,15,No,4.7,Yes,0
73945,14,No,4.7,Yes,0
44213,12,No,4.7,Yes,0
47341,10,No,4.7,Yes,0
65546,4,No,4.7,Yes,0
64365,7,No,4.7,Yes,0
77223,4,No,4.7,Yes,0
25638,5,No,4.7,Yes,0
2400,4,No,4.7,Yes,0
32957,18,No,4.7,Yes,0
13181,14,No,4.7,Yes,0
734,13,No,4.7,Yes,0
76918,2,No,4.7,Yes,0
30768,5,No,4.7,Yes,0
82066,16,No,4.7,Yes,0
33660,9,No,4.7,Yes,0
73912,6,No,4.7,Yes,0
31529,17,No,4.7,Yes,0
19089,3,No,4.7,Yes,0
55201,11,No,4.7,Yes,0
50231,17,No,4.7,Yes,0
42484,12,No,4.7,Yes,0
74259,17,No,4.7,Yes,0
85319,12,No,4.7,Yes,0
49019,18,No,4.7,Yes,0
26461,17,No,4.7,Yes,0
85186,17,No,4.7,Yes,0
44533,12,No,4.7,Yes,0
357,12,No,4.7,Yes,0
23935,3,No,4.7,Yes,0
86565,6,No,4.7,Yes,0
9656,1,No,4.7,Yes,0
80877,15,No,4.7,Yes,0
31383,3,No,4.7,Yes,0
72536,4,No,4.7,Yes,0
6989,1,No,4.7,Yes,0
49755,14,No,4.7,Yes,0
47745,1,No,4.7,Yes,0
45478,15,No,4.7,Yes,0
38162,3,No,4.7,Yes,0
30509,5,No,4.7,Yes,0
40535,1,No,4.7,Yes,0
39673,2,No,4.7,Yes,0
37862,9,No,4.7,Yes,0
16053,2,No,4.7,Yes,0
75809,14,No,4.7,Yes,0
75895,2,No,4.7,Yes,0
66629,6,No,4.7,Yes,0
11057,1,Yes,4,No,1
45221,9,Yes,4,No,1
23989,2,Yes,4,No,1
75340,11,Yes,4,No,1
57683,11,Yes,4,No,1
27096,16,Yes,4,No,1
36653,11,Yes,4,No,1
62868,18,Yes,4,No,1
7595,1,Yes,4,No,1
75838,2,Yes,4,No,1
3384,4,Yes,4,No,1
35181,9,Yes,4,No,1
30567,3,Yes,4,No,1
98489,15,Yes,4,No,1
34495,9,Yes,4,No,1
73562,6,Yes,4,No,1
52666,5,Yes,4,No,1
63597,17,Yes,4,No,1
4544,5,Yes,4,No,1
71301,10,Yes,4,No,1
32338,9,Yes,4,No,1
62619,8,Yes,4,No,1
59681,14,Yes,4,No,1
43684,14,Yes,4,No,1
65503,7,Yes,4,No,1
77545,3,Yes,4,No,1
55580,9,Yes,4,No,1
98777,9,Yes,4,No,1
22303,9,Yes,4,No,1
46196,7,Yes,4,No,1
77980,2,Yes,4,No,1
9643,1,Yes,4,No,1
96398,12,Yes,4,No,1
22525,18,Yes,4,No,1
24083,5,Yes,4,No,1
6120,1,Yes,4,No,1
75306,18,Yes,4,No,1
71937,12,Yes,4,No,1
88201,10,Yes,4,No,1
33714,14,Yes,4,No,1
4580,10,Yes,4,No,1
19398,15,Yes,4,No,1
42369,13,Yes,4,No,1
18416,6,Yes,4,No,1
69519,2,Yes,4,No,1
27758,8,Yes,4,No,1
84846,1,Yes,4,No,1
38150,11,Yes,4,No,1
46711,4,Yes,4,No,1
31494,1,Yes,4,No,1
77469,12,Yes,4,No,1
56270,3,Yes,4,No,1
80085,13,Yes,4,No,1
38561,17,Yes,4,No,1
23072,17,Yes,4,No,1
30210,2,Yes,4,No,1
61499,13,Yes,4,No,1
73847,14,Yes,4,No,1
12315,17,Yes,4,No,1
39559,15,Yes,4,No,1
83477,7,Yes,4,No,1
75923,2,Yes,4,No,1
79915,14,Yes,4,No,1
79301,16,Yes,4,No,1
1352,8,Yes,4,No,1
54730,8,Yes,4,No,1
88315,13,Yes,4,No,1
57321,12,Yes,4,No,1
7009,15,Yes,4,No,1
68468,12,Yes,4,No,1
17972,9,Yes,4,No,1
85664,15,Yes,4,No,1
85069,6,Yes,4,No,1
56329,17,Yes,4,No,1
34703,3,Yes,4,No,1
41969,2,Yes,4,No,1
85423,14,Yes,4,No,1
32366,15,Yes,4,No,1
42843,10,Yes,4,No,1
3423,10,Yes,4,No,1
37993,6,Yes,4,No,1
10720,8,Yes,4,No,1
61774,18,Yes,4,No,1
92052,5,Yes,4,No,1
11387,5,Yes,4,No,1
96189,13,Yes,4,No,1
80308,9,Yes,4,No,1
27862,14,Yes,4,No,1
73777,3,Yes,4,No,1
91574,12,Yes,4,No,1
46495,11,Yes,4,No,1
67274,2,Yes,4,No,1
1587,16,Yes,4,No,1
3941,12,Yes,4,No,1
26907,11,Yes,4,No,1
4001,8,Yes,4,No,1
68490,18,Yes,4,No,1
77435,17,Yes,4,No,1
38612,8,Yes,4,No,1
13013,4,Yes,4,No,1
88624,16,Yes,4,No,1
23730,10,Yes,4,No,1
82022,13,Yes,4,No,1
58505,5,Yes,4,No,1
34380,10,Yes,4,No,1
71888,5,Yes,4,No,1
71737,13,Yes,4,No,1
17736,13,Yes,4,No,1
25408,6,Yes,4,No,1
64684,11,Yes,4,No,1
87467,17,Yes,4,No,1
24688,13,Yes,4,No,1
56521,8,Yes,4,No,1
77670,11,Yes,4,No,1
3312,16,Yes,4,No,1
75798,18,Yes,4,No,1
9796,9,Yes,4,No,1
94396,2,Yes,4,No,1
50933,3,Yes,4,No,1
97575,9,Yes,4,No,1
54682,14,Yes,4,No,1
50056,9,Yes,4,No,1
27511,3,Yes,4,No,1
44269,18,Yes,4,No,1
83465,13,Yes,4,No,1
8454,4,Yes,4,No,1
43158,13,Yes,4,No,1
35939,17,Yes,4,No,1
28488,6,Yes,4,No,1
34064,13,Yes,4,No,1
90498,15,Yes,4,No,1
16726,5,Yes,4,No,1
75335,4,Yes,4,No,1
36688,1,Yes,4,No,1
87727,4,Yes,4,No,1
78098,3,Yes,4,No,1
54420,3,Yes,4,No,1
55216,7,Yes,4,No,1
49130,10,Yes,4,No,1
2605,15,Yes,4,No,1
25735,10,Yes,4,No,1
4666,9,Yes,4,No,1
83206,11,Yes,4,No,1
35156,17,Yes,4,No,1
58861,2,Yes,4,No,1
61388,10,Yes,4,No,1
38009,11,Yes,4,No,1
37880,13,Yes,4,No,1
51608,10,Yes,4,No,1
69873,5,Yes,4,No,1
82663,5,Yes,4,No,1
96284,9,Yes,4,No,1
50030,12,Yes,4,No,1
53080,17,Yes,4,No,1
24054,16,Yes,4,No,1
74367,17,Yes,4,No,1
49014,2,Yes,4,No,1
12625,11,Yes,4,No,1
1716,17,Yes,4,No,1
23120,6,Yes,4,No,1
65697,6,Yes,4,No,1
28905,5,Yes,4,No,1
57092,14,Yes,4,No,1
60675,8,Yes,4,No,1
86559,11,Yes,4,No,1
15415,8,Yes,4,No,1
6540,3,Yes,4,No,1
30343,7,Yes,4,No,1
19893,18,Yes,4,No,1
27042,6,Yes,4,No,1
65924,9,Yes,4,No,1
18338,18,Yes,4,No,1
87346,15,Yes,4,No,1
17656,4,Yes,4,No,1
11617,13,Yes,4,No,1
4722,8,Yes,4,No,1
3138,5,Yes,4,No,1
71810,18,Yes,4,No,1
32798,17,Yes,4,No,1
71687,11,Yes,4,No,1
49300,16,Yes,4,No,1
26292,3,Yes,4,No,1
34025,1,Yes,4,No,1
45217,1,Yes,4,No,1
3835,1,Yes,4,No,1
53759,16,Yes,4,No,1
79589,8,Yes,4,No,1
31530,18,Yes,4,No,1
55026,14,Yes,4,No,1
47616,2,Yes,4,No,1
14441,16,Yes,4,No,1
54733,4,Yes,4,No,1
90854,11,Yes,4,No,1
15597,9,Yes,4,No,1
68532,2,Yes,4,No,1
52827,11,Yes,4,No,1
29949,13,Yes,4,No,1
93336,3,Yes,4,No,1
93013,6,Yes,4,No,1
38202,7,Yes,4,No,1
79609,8,Yes,4,No,1
40304,6,Yes,4,No,1
51381,15,Yes,4,No,1
25399,18,Yes,4,No,1
48915,5,Yes,4,No,1
21599,5,Yes,4,No,1
31365,15,Yes,4,No,1
75261,14,Yes,4,No,1
56139,1,Yes,4,No,1
34151,8,Yes,4,No,1
56776,16,Yes,4,No,1
41959,3,Yes,4,No,1
74389,6,Yes,4,No,1
77403,2,Yes,4,No,1
4865,6,Yes,4,No,1
14660,14,Yes,4,No,1
34898,16,Yes,4,No,1
40528,12,Yes,4,No,1
13021,13,Yes,4,No,1
89816,1,Yes,4,No,1
41112,16,Yes,4,No,1
39544,8,Yes,4,No,1
74738,12,Yes,4,No,1
88787,14,Yes,4,No,1
90823,5,Yes,4,No,1
5854,9,Yes,4,No,1
34105,14,Yes,4,No,1
13330,7,Yes,4,No,1
24652,10,Yes,4,No,1
88539,12,Yes,4,No,1
8796,12,Yes,4,No,1
35432,11,Yes,4,No,1
81451,10,Yes,4,No,1
24436,6,Yes,4,No,1
57848,5,Yes,4,No,1
9556,2,Yes,4,No,1
11282,17,Yes,4,No,1
24469,5,Yes,4,No,1
50532,7,Yes,4,No,1
98309,1,Yes,4,No,1
13109,2,Yes,4,No,1
76418,13,Yes,4,No,1
69749,1,Yes,4,No,1
60745,14,Yes,4,No,1
40255,16,Yes,4,No,1
19793,18,Yes,4,No,1
65378,5,Yes,4,No,1
24631,2,Yes,4,No,1
77993,18,Yes,4,No,1
13886,4,Yes,4,No,1
9432,17,Yes,4,No,1
38571,3,Yes,4,No,1
23709,18,Yes,4,No,1
53790,15,Yes,4,No,1
81361,15,Yes,4,No,1
28152,10,Yes,4,No,1
27829,6,Yes,4,No,1
10846,15,Yes,4,No,1
11602,2,Yes,4,No,1
37676,8,Yes,4,No,1
50939,5,Yes,4,No,1
41780,2,Yes,4,No,1
33412,11,Yes,4,No,1
56442,10,Yes,4,No,1
66687,8,Yes,4,No,1
68132,17,Yes,4,No,1
14436,6,Yes,4,No,1
82121,16,Yes,4,No,1
17023,17,Yes,4,No,1
7402,9,Yes,4,No,1
14340,7,Yes,4,No,1
13148,8,Yes,4,No,1
13126,17,Yes,4,No,1
61572,1,Yes,4,No,1
7497,6,Yes,4,No,1
35743,9,Yes,4,No,1
21005,11,Yes,4,No,1
69127,18,Yes,4,No,1
52247,15,Yes,4,No,1
13814,7,Yes,4,No,1
58028,7,Yes,4,No,1
20200,12,Yes,4,No,1
87870,9,Yes,4,No,1
83993,11,Yes,4,No,1
8381,3,Yes,4,No,1
79635,18,Yes,4,No,1
95522,5,Yes,4,No,1
62076,3,Yes,4,No,1
60008,2,Yes,4,No,1
92524,8,Yes,4,No,1
22382,15,Yes,4,No,1
81681,8,Yes,4,No,1
95876,1,Yes,4,No,1
46814,15,Yes,4,No,1
42605,17,Yes,4,No,1
44061,18,Yes,4,No,1
78623,4,Yes,4,No,1
21908,18,Yes,4,No,1
28101,17,Yes,4,No,1
17108,13,Yes,4,No,1
28081,2,Yes,4,No,1
93439,15,Yes,4,No,1
11600,11,Yes,4,No,1
3310,12,Yes,4,No,1
55665,1,Yes,4,No,1
47381,16,Yes,4,No,1
99205,11,Yes,4,No,1
62178,1,Yes,4,No,1
13122,3,Yes,4,No,1
66276,2,Yes,4,No,1
68342,2,Yes,4,No,1
59763,16,Yes,4,No,1
6752,2,Yes,4,No,1
83698,13,Yes,4,No,1
27087,7,Yes,4,No,1
41504,12,Yes,4,No,1
67445,2,Yes,4,No,1
83289,9,Yes,4,No,1
29582,1,Yes,4,No,1
39527,16,Yes,4,No,1
56819,4,Yes,4,No,1
2253,6,Yes,4,No,1
37204,16,Yes,4,No,1
58531,6,Yes,4,No,1
34609,13,Yes,4,No,1
76533,17,Yes,4,No,1
94100,9,Yes,4,No,1
30597,12,Yes,4,No,1
10605,10,Yes,4,No,1
90937,18,Yes,4,No,1
2555,5,Yes,4,No,1
65821,5,Yes,4,No,1
99341,14,Yes,4,No,1
76898,12,Yes,4,No,1
62375,5,Yes,4,No,1
89599,18,Yes,4,No,1
13038,17,Yes,4,No,1
5080,11,Yes,4,No,1
96816,17,Yes,4,No,1
95171,6,Yes,4,No,1
14118,18,Yes,4,No,1
22606,8,Yes,4,No,1
55585,11,Yes,4,No,1
38070,1,Yes,4,No,1
77322,8,Yes,4,No,1
63909,4,Yes,4,No,1
36589,8,Yes,4,No,1
66383,6,Yes,4,No,1
14050,10,Yes,4,No,1
71798,12,Yes,4,No,1
6280,12,Yes,4,No,1
49703,2,Yes,4,No,1
12999,10,Yes,4,No,1
49530,1,Yes,4,No,1
34450,7,Yes,4,No,1
88332,14,Yes,4,No,1
21254,3,Yes,4,No,1
97537,4,Yes,4,No,1
40129,15,Yes,4,No,1
31035,1,Yes,4,No,1
44622,14,Yes,4,No,1
26415,8,Yes,4,No,1
54637,15,Yes,4,No,1
95762,3,Yes,4,No,1
26448,2,Yes,4,No,1
9870,18,Yes,4,No,1
64577,18,Yes,4,No,1
75570,6,Yes,4,No,1
25081,12,Yes,4,No,1
4060,6,Yes,4,No,1
91531,7,Yes,4,No,1
52266,1,Yes,4,No,1
2161,3,Yes,4,No,1
40481,16,Yes,4,No,1
21818,8,Yes,4,No,1
35413,15,Yes,4,No,1
46030,6,Yes,4,No,1
79223,17,Yes,4,No,1
50981,8,Yes,4,No,1
5073,8,Yes,4,No,1
17339,4,Yes,4,No,1
62080,6,Yes,4,No,1
87028,3,Yes,4,No,1
22883,9,Yes,4,No,1
79673,9,Yes,4,No,1
76808,4,Yes,4,No,1
99495,9,Yes,4,No,1
28873,18,Yes,4,No,1
8720,9,Yes,4,No,1
78042,11,Yes,4,No,1
33110,13,Yes,4,No,1
37014,6,Yes,4,No,1
57876,16,Yes,4,No,1
12832,9,Yes,4,No,1
19361,15,Yes,4,No,1
28058,10,Yes,4,No,1
69876,7,Yes,4,No,1
94928,5,Yes,4,No,1
73206,2,Yes,4,No,1
59035,14,Yes,4,No,1
81404,15,Yes,4,No,1
43445,1,Yes,4,No,1
70962,8,Yes,4,No,1
24596,3,Yes,4,No,1
59420,5,Yes,4,No,1
63220,6,Yes,4,No,1
35170,3,Yes,4,No,1
70611,9,Yes,4,No,1
9393,8,Yes,4,No,1
89057,10,Yes,4,No,1
34407,2,Yes,4,No,1
33303,7,Yes,4,No,1
32409,15,Yes,4,No,1
93083,10,Yes,4,No,1
99433,1,Yes,4,No,1
10825,1,Yes,4,No,1
98534,10,Yes,4,No,1
2934,17,Yes,4,No,1
21202,2,Yes,4,No,1
89741,10,Yes,4,No,1
60851,14,Yes,4,No,1
46848,4,Yes,4,No,1
78137,12,Yes,4,No,1
67779,15,Yes,4,No,1
10905,9,Yes,4,No,1
23481,13,Yes,4,No,1
71281,13,Yes,4,No,1
32467,15,Yes,4,No,1
11826,15,Yes,4,No,1
82088,15,Yes,4,No,1
20323,13,Yes,4,No,1
93743,17,Yes,4,No,1
98120,3,Yes,4,No,1
11919,7,Yes,4,No,1
53031,4,Yes,4,No,1
63167,4,Yes,4,No,1
27865,2,Yes,4,No,1
15324,1,Yes,4,No,1
62438,14,Yes,4,No,1
10672,16,Yes,4,No,1
92979,16,Yes,4,No,1
32501,12,Yes,4,No,1
28711,18,Yes,4,No,1
98169,5,Yes,4,No,1
47240,1,Yes,4,No,1
85243,10,Yes,4,No,1
88517,14,Yes,4,No,1
69802,9,Yes,4,No,1
87022,1,Yes,4,No,1
70104,10,Yes,4,No,1
3787,8,Yes,4,No,1
1741,7,Yes,4,No,1
70818,11,Yes,4,No,1
4221,3,Yes,4,No,1
21626,8,Yes,4,No,1
35970,18,Yes,4,No,1
6499,17,Yes,4,No,1
58245,1,Yes,4,No,1
69570,7,Yes,4,No,1
43190,4,Yes,4,No,1
21354,15,Yes,4,No,1
45055,15,Yes,4,No,1
81603,3,Yes,4,No,1
50967,14,Yes,4,No,1
74657,17,Yes,4,No,1
71189,13,Yes,4,No,1
18615,1,Yes,4,No,1
56821,4,Yes,4,No,1
83581,13,Yes,4,No,1
60603,13,Yes,4,No,1
89233,4,Yes,4,No,1
32647,7,Yes,4,No,1
29312,8,Yes,4,No,1
34221,16,Yes,4,No,1
58327,8,Yes,4,No,1
44615,1,Yes,4,No,1
91749,6,Yes,4,No,1
17086,10,Yes,4,No,1
21226,5,Yes,4,No,1
58963,10,Yes,4,No,1
38165,10,Yes,4,No,1
17646,11,Yes,4,No,1
49376,7,Yes,4,No,1
89244,18,Yes,4,No,1
13981,8,Yes,4,No,1
48354,15,Yes,4,No,1
94463,10,Yes,4,No,1
59412,17,Yes,4,No,1
35648,6,Yes,4,No,1
50298,17,Yes,4,No,1
90411,5,Yes,4,No,1
6685,14,Yes,4,No,1
37886,4,Yes,4,No,1
29967,5,Yes,4,No,1
89241,8,Yes,4,No,1
47114,16,Yes,4,No,1
64057,8,Yes,4,No,1
5546,18,Yes,4,No,1
77719,17,Yes,4,No,1
23464,17,Yes,4,No,1
85864,9,Yes,4,No,1
96477,14,Yes,4,No,1
15881,7,Yes,4,No,1
93303,17,Yes,4,No,1
2554,12,Yes,4,No,1
87284,3,Yes,4,No,1
56501,1,Yes,4,No,1
68021,10,Yes,4,No,1
4319,10,Yes,4,No,1
52296,3,Yes,4,No,1
53689,14,Yes,4,No,1
2828,17,Yes,4,No,1
95725,16,Yes,4,No,1
24549,5,Yes,4,No,1
76517,6,Yes,4,No,1
26611,4,Yes,4,No,1
64204,11,Yes,4,No,1
17942,13,Yes,4,No,1
70209,10,Yes,4,No,1
75322,17,Yes,4,No,1
58059,5,Yes,4,No,1
37290,5,Yes,4,No,1
32325,14,Yes,4,No,1
17271,15,Yes,4,No,1
94372,10,Yes,4,No,1
97663,16,Yes,4,No,1
45683,17,Yes,4,No,1
19397,4,Yes,4,No,1
84769,8,Yes,4,No,1
34967,11,Yes,4,No,1
80777,4,Yes,4,No,1
18043,5,Yes,4,No,1
63010,4,Yes,4,No,1
33739,15,Yes,4,No,1
45150,9,Yes,4,No,1
45713,2,Yes,4,No,1
16356,14,Yes,4,No,1
56031,3,Yes,4,No,1
73027,11,Yes,4,No,1
57727,15,Yes,4,No,1
66093,1,Yes,4,No,1
56749,9,Yes,4,No,1
29851,5,Yes,4,No,1
80312,3,Yes,4,No,1
77408,14,Yes,4,No,1
2547,12,Yes,4,No,1
16210,15,Yes,4,No,1
61172,17,Yes,4,No,1
26083,6,Yes,4,No,1
74882,9,Yes,4,No,1
65358,16,Yes,4,No,1
36963,15,Yes,4,No,1
4924,2,Yes,4,No,1
90506,16,Yes,4,No,1
76385,10,Yes,4,No,1
604,6,Yes,4,No,1
51390,16,Yes,4,No,1
73191,17,Yes,4,No,1
46925,3,Yes,4,No,1
37149,6,Yes,4,No,1
39317,16,Yes,4,No,1
71321,17,Yes,4,No,1
61312,12,Yes,4,No,1
15506,6,Yes,4,No,1
61537,15,Yes,4,No,1
67616,6,Yes,4,No,1
53135,11,Yes,4,No,1
97752,17,Yes,4,No,1
10221,7,Yes,4,No,1
48263,13,Yes,4,No,1
89033,5,Yes,4,No,1
19460,13,Yes,4,No,1
37034,17,Yes,4,No,1
93701,15,Yes,4,No,1
80806,5,Yes,4,No,1
55840,5,Yes,4,No,1
92944,1,Yes,4,No,1
88665,7,Yes,4,No,1
41087,3,Yes,4,No,1
81056,9,Yes,4,No,1
4069,16,Yes,4,No,1
55540,6,Yes,4,No,1
5771,7,Yes,4,No,1
55520,18,Yes,4,No,1
93082,18,Yes,4,No,1
78473,15,Yes,4,No,1
43871,7,Yes,4,No,1
47914,1,Yes,4,No,1
37461,9,Yes,4,No,1
23278,18,Yes,4,No,1
88635,17,Yes,4,No,1
97937,11,Yes,4,No,1
79709,4,Yes,4,No,1
65183,17,Yes,4,No,1
25521,2,Yes,4,No,1
32123,15,Yes,4,No,1
21840,8,Yes,4,No,1
53457,5,Yes,4,No,1
97453,8,Yes,4,No,1
47918,6,Yes,4,No,1
55823,4,Yes,4,No,1
16401,14,Yes,4,No,1
48550,14,Yes,4,No,1
71551,17,Yes,4,No,1
37751,13,Yes,4,No,1
3466,6,Yes,4,No,1
11454,13,Yes,4,No,1
50115,1,Yes,4,No,1
86938,12,Yes,4,No,1
5754,17,Yes,4,No,1
92147,18,Yes,4,No,1
61201,2,Yes,4,No,1
50688,8,Yes,4,No,1
73882,7,Yes,4,No,1
47710,3,Yes,4,No,1
1013,16,Yes,4,No,1
72659,9,Yes,4,No,1
38501,6,Yes,4,No,1
76568,4,Yes,4,No,1
48549,7,Yes,4,No,1
9664,15,Yes,4,No,1
89578,18,Yes,4,No,1
75384,14,Yes,4,No,1
54144,15,Yes,4,No,1
76872,9,Yes,4,No,1
52368,15,Yes,4,No,1
69008,2,Yes,4,No,1
56133,8,Yes,4,No,1
60178,14,Yes,4,No,1
25136,4,Yes,4,No,1
44373,3,Yes,4,No,1
8772,5,Yes,4,No,1
78820,15,Yes,4,No,1
14654,1,Yes,4,No,1
7512,14,Yes,4,No,1
59903,2,Yes,4,No,1
11773,8,Yes,4,No,1
98218,18,Yes,4,No,1
47432,13,Yes,4,No,1
29248,16,Yes,4,No,1
37668,18,Yes,4,No,1
47623,13,Yes,4,No,1
11693,15,Yes,4,No,1
62258,8,Yes,4,No,1
34490,7,Yes,4,No,1
27920,5,Yes,4,No,1
87064,2,Yes,4,No,1
92749,8,Yes,4,No,1
51422,2,Yes,4,No,1
48712,4,Yes,4,No,1
38844,7,Yes,4,No,1
61457,10,Yes,4,No,1
2539,16,Yes,4,No,1
10684,16,Yes,4,No,1
20528,2,Yes,4,No,1
54754,18,Yes,4,No,1
72952,7,Yes,4,No,1
82982,1,Yes,4,No,1
2450,5,Yes,4,No,1
16887,15,Yes,4,No,1
17612,16,Yes,4,No,1
44676,1,Yes,4,No,1
31607,14,Yes,4,No,1
29856,3,Yes,4,No,1
92745,4,Yes,4,No,1
61432,7,Yes,4,No,1
79828,6,Yes,4,No,1
65953,13,Yes,4,No,1
88580,6,Yes,4,No,1
17655,7,Yes,4,No,1
88531,10,Yes,4,No,1
79325,7,Yes,4,No,1
75385,8,Yes,4,No,1
94954,11,Yes,4,No,1
16443,6,Yes,4,No,1
33558,14,Yes,4,No,1
85039,4,Yes,4,No,1
52576,11,Yes,4,No,1
37086,10,Yes,4,No,1
44698,13,Yes,4,No,1
98698,11,Yes,4,No,1
15129,16,Yes,4,No,1
82846,6,Yes,4,No,1
87556,6,Yes,4,No,1
5112,7,Yes,4,No,1
96074,5,Yes,4,No,1
14662,8,Yes,4,No,1
81969,6,Yes,4,No,1
87859,11,Yes,4,No,1
46708,17,Yes,4,No,1
95296,1,Yes,4,No,1
83559,13,Yes,4,No,1
21456,5,Yes,4,No,1
577,4,Yes,4,No,1
1364,13,Yes,4,No,1
2565,4,Yes,4,No,1
79064,9,Yes,4,No,1
88930,1,Yes,4,No,1
1472,6,Yes,4,No,1
65876,1,Yes,4,No,1
41429,6,Yes,4,No,1
27179,2,Yes,4,No,1
84704,4,Yes,4,No,1
26900,13,Yes,4,No,1
68304,10,Yes,4,No,1
24710,5,Yes,4,No,1
64555,18,Yes,4,No,1
95625,17,Yes,4,No,1
19505,16,Yes,4,No,1
36632,11,Yes,4,No,1
57065,4,Yes,4,No,1
35274,1,Yes,4,No,1
10970,16,Yes,4,No,1
48780,6,Yes,4,No,1
943,3,Yes,4,No,1
27763,16,Yes,4,No,1
69695,15,Yes,4,No,1
88946,10,Yes,4,No,1
64879,10,Yes,4,No,1
14888,17,Yes,4,No,1
64167,17,Yes,4,No,1
61730,12,Yes,4,No,1
7419,17,Yes,4,No,1
36927,6,Yes,4,No,1
44362,11,Yes,4,No,1
27906,8,Yes,4,No,1
72395,9,Yes,4,No,1
70317,11,Yes,4,No,1
66875,18,Yes,4,No,1
40825,17,Yes,4,No,1
20665,10,Yes,4,No,1
61059,14,Yes,4,No,1
86799,9,Yes,4,No,1
86372,12,Yes,4,No,1
11889,10,Yes,4,No,1